Title,Image,URL,Rating,Num_Rating,Category,Address,Closed_Time,Latitude,Longtitude
O-Mama-Mia Steak,https://lh5.googleusercontent.com/p/AF1QipMXTXeuHoE8H7-GWELhdqlL-gaQ5CcaXwsdiiJ5=w80-h106-k-no,https://www.google.com/maps/place/O-Mama-Mia+Steak/data=!4m7!3m6!1s0x2e708951d849063f:0xf6fbcc2cc9a9cedd!8m2!3d-7.0669479!4d110.418407!16s%2Fg%2F11b6d598y1!19sChIJPwZJ2FGJcC4R3c6pySzM-_Y?authuser=0&hl=id&rclk=1,"4,3",(910),Steak,Jl. Jati Raya Banyumanik Semarang, ⋅ Tutup pukul 21.00,110.415419,110.415419
Gudeg Bu Dul,https://lh5.googleusercontent.com/p/AF1QipMzdlfcUyGqkkL5yevPjX2jvF6F8gL5ByBSXU4W=w122-h92-k-no,https://www.google.com/maps/place/Gudeg+Bu+Dul/data=!4m7!3m6!1s0x2e7089a8186d172d:0xe11a0d04777822ca!8m2!3d-7.0692896!4d110.4181629!16s%2Fg%2F12lwhj4hf!19sChIJLRdtGKiJcC4RyiJ4dwQNGuE?authuser=0&hl=id&rclk=1,"4,4",(891),Jawa,Jl. Jati Raya No.C 6, ⋅ Tutup pukul 18.00,110.415419,110.415419
Waroeng Spesial Sambal 'SS' Banyumanik,https://lh5.googleusercontent.com/p/AF1QipPo3ltB4U7BOKW0enFX58Qg1IPDDbUv-L2IONSQ=w122-h92-k-no,https://www.google.com/maps/place/Waroeng+Spesial+Sambal+%27SS%27+Banyumanik/data=!4m7!3m6!1s0x2e7089b569188e11:0x874d8d2a043982ee!8m2!3d-7.061943!4d110.417386!16s%2Fg%2F11hzmql9gv!19sChIJEY4YabWJcC4R7oI5BCqNTYc?authuser=0&hl=id&rclk=1,"4,6",(1.023),Restoran,Jl. Durian Selatan I No.14, ⋅ Tutup pukul 21.00,110.415419,110.415419
Sowak (Sop Iwak),https://lh5.googleusercontent.com/p/AF1QipPKYyeMAcHjkpdl20m_TuHnbmriJoTufqx8lXE=w122-h92-k-no,https://www.google.com/maps/place/Sowak+%28Sop+Iwak%29/data=!4m7!3m6!1s0x2e708ea8d32fc68d:0xb02b7d4a90765ba0!8m2!3d-7.0612153!4d110.4355652!16s%2Fg%2F11cjhygdnc!19sChIJjcYv06iOcC4RoFt2kEp9K7A?authuser=0&hl=id&rclk=1,"4,4",(4.251),Rumah Makan,Jl. Banjarsari Selatan No.18, ⋅ Tutup pukul 20.00,110.415419,110.415419
Adi's Culinary Banyumanik,https://lh5.googleusercontent.com/p/AF1QipPqMsO6NMthK6WiRnYMc3gdtGu3GCYEPIl-zQdS=w122-h92-k-no,https://www.google.com/maps/place/Adi%27s+Culinary+Banyumanik/data=!4m7!3m6!1s0x2e7089852de2bccb:0x499f7e60d863ec15!8m2!3d-7.0629186!4d110.4216817!16s%2Fg%2F11gxxgs5lc!19sChIJy7ziLYWJcC4RFexj2GB-n0k?authuser=0&hl=id&rclk=1,"4,7",(1.325),Restoran,Jl. Durian Raya No.49, ⋅ Tutup pukul 21.00,110.415419,110.415419
Lesehan Aldan Cabang Semarang,https://lh5.googleusercontent.com/p/AF1QipPRTZMNRmQVXaoyr0QzmdTHjh7S25uBO5A9K5BT=w122-h92-k-no,https://www.google.com/maps/place/Lesehan+Aldan+Cabang+Semarang/data=!4m7!3m6!1s0x2e708bf91be31921:0xf38eb4940e40ec27!8m2!3d-7.0499365!4d110.422834!16s%2Fg%2F11c329n5h3!19sChIJIRnjG_mLcC4RJ-xADpS0jvM?authuser=0&hl=id&rclk=1,"4,3",(2.501),Restoran,Jl. Ngesrep Tim. V No.44, ⋅ Tutup pukul 20.45,110.415419,110.415419
Kebon Ndhelik Banyumanik,https://lh5.googleusercontent.com/p/AF1QipNlQIbGzl-36Xw1UDo5rQQdRA9kC5VB1y0x-I3b=w122-h92-k-no,https://www.google.com/maps/place/Kebon+Ndhelik+Banyumanik/data=!4m7!3m6!1s0x2e708950f787b2e7:0x421d63559c894c55!8m2!3d-7.0645123!4d110.4164869!16s%2Fg%2F11c6d_10vd!19sChIJ57KH91CJcC4RVUyJnFVjHUI?authuser=0&hl=id&rclk=1,"4,4",(154),Restoran,, ⋅ Tutup pukul 20.00,110.415419,110.415419
Soto Bang Qiit Banyumanik,https://lh5.googleusercontent.com/p/AF1QipP47Afjtm4CxD6c0JmfNoP5As2B9fEhdmS65MQ=w163-h92-k-no,https://www.google.com/maps/place/Soto+Bang+Qiit+Banyumanik/data=!4m7!3m6!1s0x2e70894f01048bfd:0x21363f5a2af6179d!8m2!3d-7.0697292!4d110.4168426!16s%2Fg%2F11dfj99gfx!19sChIJ_YsEAU-JcC4RnRf2Klo_NiE?authuser=0&hl=id&rclk=1,"3,8",(4),Soto Ayam,"Jalan Rasamala Raya Nomor 105, Banyumanik", ⋅ Tutup pukul 17.00,110.415419,110.415419
Mie Clubbing Erlangga,https://lh5.googleusercontent.com/p/AF1QipOce4TY1os0DeKTl_Kx0I_KCedcH8B0KoNYCDSS=w122-h92-k-no,https://www.google.com/maps/place/Mie+Clubbing+Erlangga/data=!4m7!3m6!1s0x2e708bf8ddc2256d:0x2f9568905f4bab9a!8m2!3d-7.0590695!4d110.4281406!16s%2Fg%2F11cn3dpb3x!19sChIJbSXC3fiLcC4RmqtLX5BolS8?authuser=0&hl=id&rclk=1,"4,3",(2.408),Mi,Jl. Tirto Agung No.69, ⋅ Tutup pukul 22.00,110.415419,110.415419
Nasi Gandul Mas Mamet,https://lh5.googleusercontent.com/p/AF1QipPjrTtRxYGYTonsTbe5bY4MpEGaTmS_AQeN9kw_=w80-h106-k-no,https://www.google.com/maps/place/Nasi+Gandul+Mas+Mamet/data=!4m7!3m6!1s0x2e708929fcb4d373:0xdc84116305829622!8m2!3d-7.0681441!4d110.4224458!16s%2Fg%2F11pzlkzxxl!19sChIJc9O0_CmJcC4RIpaCBWMRhNw?authuser=0&hl=id&rclk=1,"4,9",(29),Rumah Makan,Jl. Kruing Raya No.106, ⋅ Tutup pukul 20.00,110.415419,110.415419
Rumah Makan Setya,https://lh5.googleusercontent.com/p/AF1QipOpcVffYd5OlMTPdkHGOoVuAlsjZuPzwfS7MQPT=w122-h92-k-no,https://www.google.com/maps/place/Rumah+Makan+Setya/data=!4m7!3m6!1s0x2e708eaafc8099eb:0x6f227ddb169d1323!8m2!3d-7.0585528!4d110.4286532!16s%2Fg%2F11dzdk7h_k!19sChIJ65mA_KqOcC4RIxOdFtt9Im8?authuser=0&hl=id&rclk=1,"4,5",(924),Dim Sum,Jl. Tirto Agung No.65, ⋅ Tutup pukul 22.00,110.415419,110.415419
Cafe Angkringan Honger,https://lh5.googleusercontent.com/p/AF1QipO34a_7CrZbGy6fIiKj2SMngLtntAyKy7lqmMk=w122-h92-k-no,https://www.google.com/maps/place/Cafe+Angkringan+Honger/data=!4m7!3m6!1s0x2e7089276375671f:0xbb9c969ccaac7c14!8m2!3d-7.0757269!4d110.4199291!16s%2Fg%2F11l9n5g9kq!19sChIJH2d1YyeJcC4RFHysypyWnLs?authuser=0&hl=id&rclk=1,"4,5",(541),Restoran,Jl. Kr. Rejo Raya No.Rt.01/08, ⋅ Tutup pukul 22.00,110.415419,110.415419
KANE Semarang,https://lh5.googleusercontent.com/p/AF1QipPJvdsovVKyXldN7ChDXEPSb0pifc7mGvJst0OL=w80-h106-k-no,https://www.google.com/maps/place/KANE+Semarang/data=!4m7!3m6!1s0x2e708ea9ea46f481:0x9be227b2a0241bcb!8m2!3d-7.0570946!4d110.4335369!16s%2Fg%2F11bw4q9mmv!19sChIJgfRG6qmOcC4RyxskoLIn4ps?authuser=0&hl=id&rclk=1,"4,4",(2.402),Restoran,Jl. Jatimulyo No.8, ⋅ Tutup pukul 22.00,110.415419,110.415419
Bakmi Bandar Semar,https://lh5.googleusercontent.com/p/AF1QipPtRl795dYVY30EIIYJTY_qZdCQCRyKgMst4AS4=w163-h92-k-no,https://www.google.com/maps/place/Bakmi+Bandar+Semar/data=!4m7!3m6!1s0x2e70894c4a093a41:0xe5fb0bb46b0b9ba5!8m2!3d-7.0684309!4d110.4183235!16s%2Fg%2F1hc72n16r!19sChIJQToJSkyJcC4RpZsLa7QL--U?authuser=0&hl=id&rclk=1,"4,0",(131),Mi,Jl. Jati Raya No.C-21a, ⋅ Tutup pukul 21.00,110.415419,110.415419
Waroeng Kuliner Pak Edy 4,https://lh5.googleusercontent.com/p/AF1QipO2u7WQSdYrMBg4gdrgyX_8ESJam8C_iPRa9uv5=w163-h92-k-no,https://www.google.com/maps/place/Waroeng+Kuliner+Pak+Edy+4/data=!4m7!3m6!1s0x2e708bf9fd1963e1:0xb9294e0e89521c5a!8m2!3d-7.0466102!4d110.4209896!16s%2Fg%2F11b_2_dpgx!19sChIJ4WMZ_fmLcC4RWhxSiQ5OKbk?authuser=0&hl=id&rclk=1,"4,3",(81),Rumah Makan,Jl. Setia Budi No.52A, ⋅ Tutup pukul 22.00,110.415419,110.415419
"Waroeng Spesial Sambal ""SS"" Tembalang",https://lh5.googleusercontent.com/p/AF1QipMxi8xq_lDX_6ICHbP861yGfkEfPcJStVN7lVcm=w122-h92-k-no,https://www.google.com/maps/place/Waroeng+Spesial+Sambal+%22SS%22+Tembalang/data=!4m7!3m6!1s0x2e708eaa86d0863f:0xf575ec8d1cb7e39d!8m2!3d-7.0568018!4d110.4289092!16s%2Fg%2F11c609d_sq!19sChIJP4bQhqqOcC4RneO3HI3sdfU?authuser=0&hl=id&rclk=1,"4,3",(3.440),Rumah Makan,Jl. Tirto Agung No.32, ⋅ Tutup pukul 22.00,110.415419,110.415419
Es Teler Banyumanik,https://lh5.googleusercontent.com/p/AF1QipNGA4EwN3sV8EvFbfs_7VSiQi1F-KDRv1evUI0x=w80-h106-k-no,https://www.google.com/maps/place/Es+Teler+Banyumanik/data=!4m7!3m6!1s0x2e70894a187c4119:0x3182558422a4e467!8m2!3d-7.075865!4d110.42095!16s%2Fg%2F11bzrhtmz5!19sChIJGUF8GEqJcC4RZ-SkIoRVgjE?authuser=0&hl=id&rclk=1,"4,5",(872),Rumah Makan,Jl. Cemara Raya No.8, ⋅ Tutup pukul 17.00,110.415419,110.415419
Soto Sedeep,https://lh5.googleusercontent.com/p/AF1QipOFjAfaKM7hqNTC8usR3CDNQ4OuhkTKgmuauHge=w163-h92-k-no,https://www.google.com/maps/place/Soto+Sedeep/data=!4m7!3m6!1s0x2e708949a56acd19:0x3e3c085e36bada1!8m2!3d-7.0753219!4d110.4181368!16s%2Fg%2F11c3mpq4v_!19sChIJGc1qpUmJcC4Roa1r44XA4wM?authuser=0&hl=id&rclk=1,"4,4",(2.014),Jawa,Jl. Kr. Rejo Raya No.60A, ⋅ Tutup pukul 22.00,110.415419,110.415419
Warung Lesehan Fifty Fifty Sumurboto Banyumanik,https://lh5.googleusercontent.com/p/AF1QipNxvJapq6yf1QZPYa3p47_U3nGKxM-Z29LCqW4K=w122-h92-k-no,https://www.google.com/maps/place/Warung+Lesehan+Fifty+Fifty+Sumurboto+Banyumanik/data=!4m7!3m6!1s0x2e708bf8b1aee5e7:0xdf71de83d793a64b!8m2!3d-7.0530081!4d110.4289443!16s%2Fg%2F1hm2db08v!19sChIJ5-WusfiLcC4RS6aT14Pecd8?authuser=0&hl=id&rclk=1,"4,3",(3.822),Jawa,Jl. Ngesrep Tim. V No.118,,110.415419,110.415419
Warung Penyet Lesehan Mas Pur 2,https://lh5.googleusercontent.com/p/AF1QipPBLzNeL4DVIg6dEmGL90ISlhE7MTBwKSO37z1f=w122-h92-k-no,https://www.google.com/maps/place/Warung+Penyet+Lesehan+Mas+Pur+2/data=!4m7!3m6!1s0x2e708c002a7fc085:0x94e8be2b752506ac!8m2!3d-7.0562817!4d110.4290441!16s%2Fg%2F1hm5f5_g0!19sChIJhcB_KgCMcC4RrAYldSu-6JQ?authuser=0&hl=id&rclk=1,"4,2",(1.243),Jawa,Jl. Tirto Agung No.24, ⋅ Tutup pukul 22.00,110.415419,110.415419
Rumah Makan Mie Bandar,https://lh5.googleusercontent.com/p/AF1QipP-djmFXGj8HAptz92Rt2hqjiXoKa56D3Ho7JEb=w163-h92-k-no,https://www.google.com/maps/place/Rumah+Makan+Mie+Bandar/data=!4m7!3m6!1s0x2e70894c49a412dd:0xe23e144589d17863!8m2!3d-7.0698053!4d110.4218564!16s%2Fg%2F11b6d215dh!19sChIJ3RKkSUyJcC4RY3jRiUUUPuI?authuser=0&hl=id&rclk=1,"4,4",(8),Mi,Jl. Jati Raya No.21, ⋅ Tutup pukul 21.00,110.415419,110.415419
Super Penyet Setiabudi,https://lh5.googleusercontent.com/p/AF1QipMufnt22cDUcyEQ8w46VX6QeSYvPedmO4sduvs0=w122-h92-k-no,https://www.google.com/maps/place/Super+Penyet+Setiabudi/data=!4m7!3m6!1s0x2e7089582652295d:0xb3c9baf1cfbb81de!8m2!3d-7.0586339!4d110.4142972!16s%2Fg%2F1hm5854_b!19sChIJXSlSJliJcC4R3oG7z_G6ybM?authuser=0&hl=id&rclk=1,"4,4",(5.702),Ayam,Jl. Setia Budi No.207, ⋅ Tutup pukul 21.30,110.415419,110.415419
Warung Makan Mbak Deny Banyumanik,https://lh5.googleusercontent.com/p/AF1QipOiflJsaNXkGwji_MoKR7D-eTwMqHDUhhh85Zf7=w122-h92-k-no,https://www.google.com/maps/place/Warung+Makan+Mbak+Deny+Banyumanik/data=!4m7!3m6!1s0x2e708959a56c7dfb:0xf2ff46f4f141b089!8m2!3d-7.060411!4d110.41194!16s%2Fg%2F11g8cw91l9!19sChIJ-31spVmJcC4RibBB8fRG__I?authuser=0&hl=id&rclk=1,"4,6",(63),Jawa,Jl. Potrosari Tengah No.16, ⋅ Tutup pukul 15.00,110.415419,110.415419
Soto Ayam Bu Yuswo Banyumanik,https://lh5.googleusercontent.com/p/AF1QipNHshltBxE-Hs2507rHeRbENNhtH_gd8-w9HfG4=w80-h106-k-no,https://www.google.com/maps/place/Soto+Ayam+Bu+Yuswo+Banyumanik/data=!4m7!3m6!1s0x2e708f7c7a469d89:0x68006ba7b5da2e9!8m2!3d-7.0658353!4d110.427632!16s%2Fg%2F11k02hyqjl!19sChIJiZ1GenyPcC4R6aJde7oGgAY?authuser=0&hl=id&rclk=1,"4,6",(309),Soto Ayam,Jl. Tusam Timur Raya No.22, ⋅ Tutup pukul 15.00,110.415419,110.415419
Rumah Makan Silo,https://streetviewpixels-pa.googleapis.com/v1/thumbnail?panoid=ot5jTXen8AF-gf_MrhQmhA&cb_client=search.gws-prod.gps&w=80&h=92&yaw=75.455826&pitch=0&thumbfov=100,https://www.google.com/maps/place/Rumah+Makan+Silo/data=!4m7!3m6!1s0x2e7089385907c62d:0x758f74411c13d284!8m2!3d-7.079269!4d110.4115409!16s%2Fg%2F11bc7r70mb!19sChIJLcYHWTiJcC4RhNITHEF0j3U?authuser=0&hl=id&rclk=1,"4,0",(1),Restoran,"JL Perintis Kemerdekaan, No. 211", ⋅ Tutup pukul 22.00,110.415419,110.415419
Soto Ayam Grafika Banyumanik,https://lh5.googleusercontent.com/p/AF1QipOrVBCba7EVXz1-cOL6kPWgrLV98LdIiaCaiA4X=w189-h92-k-no,https://www.google.com/maps/place/Soto+Ayam+Grafika+Banyumanik/data=!4m7!3m6!1s0x2e7089df38251099:0x3f0a51584a325128!8m2!3d-7.0762874!4d110.4210524!16s%2Fg%2F11dzt73lsw!19sChIJmRAlON-JcC4RKFEySlhRCj8?authuser=0&hl=id&rclk=1,"4,7",(850),Soto Ayam,"Komplek Ruko, Jl. Cemara Raya Jl. Grafika Raya", ⋅ Tutup pukul 15.30,110.415419,110.415419
Warung Makan WK,https://streetviewpixels-pa.googleapis.com/v1/thumbnail?panoid=nRipdbxnyCiY9kLoxmd9YA&cb_client=search.gws-prod.gps&w=80&h=92&yaw=267.50195&pitch=0&thumbfov=100,https://www.google.com/maps/place/Warung+Makan+WK/data=!4m7!3m6!1s0x2e708946f36fe4df:0xedc87ce2acf023bd!8m2!3d-7.0738595!4d110.4108834!16s%2Fg%2F11f04d9dpz!19sChIJ3-Rv80aJcC4RvSPwrOJ8yO0?authuser=0&hl=id&rclk=1,,,Jawa,"WCG6+F92, Jalan Perintis Kemerdekaan, Terminal Banyumanik, Banyumanik", ⋅ Tutup pukul 21.00,110.415419,110.415419
Tower Cafe Semarang,https://lh5.googleusercontent.com/p/AF1QipNJn5ZGYH0El9AguL8RAhBwSGdtYvgNhPdnrDGD=w122-h92-k-no,https://www.google.com/maps/place/Tower+Cafe+Semarang/data=!4m7!3m6!1s0x2e708eaf78043143:0x3436986c87152b9f!8m2!3d-7.0634902!4d110.4367697!16s%2Fg%2F11c2nqfh01!19sChIJQzEEeK-OcC4RnysVh2yYNjQ?authuser=0&hl=id&rclk=1,"4,2",(1.893),Masakan Asia,Jl. Banjarsari Selatan No.49B,,110.415419,110.415419
Kedai Diajeng Banyumanik,https://lh5.googleusercontent.com/p/AF1QipPkvjMGvWp7Il2LgV7g-ueHJTKZjNYscO4ZIkxn=w122-h92-k-no,https://www.google.com/maps/place/Kedai+Diajeng+Banyumanik/data=!4m7!3m6!1s0x2e7089ba7b47c48f:0xae981cb7512fed7c!8m2!3d-7.0647399!4d110.4198265!16s%2Fg%2F11fvjt5qy6!19sChIJj8RHe7qJcC4RfO0vUbccmK4?authuser=0&hl=id&rclk=1,"4,3",(9),Restoran,, ⋅ Tutup pukul 22.00,110.415419,110.415419
Rumah Makan Bukit Kapau,https://lh5.googleusercontent.com/p/AF1QipPNdeOTNF-EwGaiTBIFUupYE4xq4eZrTeV_pT3N=w163-h92-k-no,https://www.google.com/maps/place/Rumah+Makan+Bukit+Kapau/data=!4m7!3m6!1s0x2e708945aa1ae285:0x9b10618ccebfa873!8m2!3d-7.0699582!4d110.4116642!16s%2Fg%2F11cjvw2s_7!19sChIJheIaqkWJcC4Rc6i_zoxhEJs?authuser=0&hl=id&rclk=1,"4,4",(123),Padang,Jl. Perintis Kemerdekaan No.230, ⋅ Tutup pukul 20.30,110.415419,110.415419
Rumah Makan Solok,https://lh5.googleusercontent.com/p/AF1QipNsCjb8ZtAnUslHsXcgDoDK340kBLqyxOny70qf=w122-h92-k-no,https://www.google.com/maps/place/Rumah+Makan+Solok/data=!4m7!3m6!1s0x2e70895397cf06e7:0x73a15ef621ce6724!8m2!3d-7.0629804!4d110.4222953!16s%2Fg%2F11h2cb69b0!19sChIJ5wbPl1OJcC4RJGfOIfZeoXM?authuser=0&hl=id&rclk=1,"4,0",(1),Padang,Jl. Durian Raya No.16, ⋅ Tutup pukul 21.00,110.415419,110.415419
Rumah Makan Indah Raso 3 Pedalangan,https://lh5.googleusercontent.com/p/AF1QipPSGIRaHYtKTZgeivlJC3rZ_7MYHZHyzUJ_uJki=w80-h142-k-no,https://www.google.com/maps/place/Rumah+Makan+Indah+Raso+3+Pedalangan/data=!4m7!3m6!1s0x2e708f0368f57161:0x726b9e919998ca00!8m2!3d-7.0656156!4d110.429364!16s%2Fg%2F11r_vppmnt!19sChIJYXH1aAOPcC4RAMqYmZGea3I?authuser=0&hl=id&rclk=1,"4,9",(9),Indonesia,Jl. Durian Raya No.83,,110.415419,110.415419
Bebek Goreng H. Slamet Banyumanik,https://lh5.googleusercontent.com/p/AF1QipPvqnQX7mbXEjTTEQZArnux5VpsfPki8ipzoHCi=w163-h92-k-no,https://www.google.com/maps/place/Bebek+Goreng+H.+Slamet+Banyumanik/data=!4m7!3m6!1s0x2e7089ccd03ba309:0xd0b74b5c1d456a91!8m2!3d-7.0616418!4d110.4170947!16s%2Fg%2F11f9z98h33!19sChIJCaM70MyJcC4RkWpFHVxLt9A?authuser=0&hl=id&rclk=1,"4,6",(1.367),Ayam,Jl. Durian Raya No.27, ⋅ Tutup pukul 21.30,110.415419,110.415419
Sim Six (Sim-6) garden Resto Ngesrep timur,https://lh5.googleusercontent.com/p/AF1QipPfQx34z91up3yw3xFZ58eSNjXYYqkHoKD-C7RP=w163-h92-k-no,https://www.google.com/maps/place/Sim+Six+%28Sim-6%29+garden+Resto+Ngesrep+timur/data=!4m7!3m6!1s0x2e708bf974d0e681:0x6f6558507a090742!8m2!3d-7.0493266!4d110.4215308!16s%2Fg%2F1hm1xx7h5!19sChIJgebQdPmLcC4RQgcJelBYZW8?authuser=0&hl=id&rclk=1,"4,5",(4.265),Restoran,Jl. Ngesrep Tim. V No.25,,110.415419,110.415419
Warung Penyet OISHI,https://lh5.googleusercontent.com/p/AF1QipPNFbf8CCom3jhE71frRIAXvghKU43oG7qvSUf4=w122-h92-k-no,https://www.google.com/maps/place/Warung+Penyet+OISHI/data=!4m7!3m6!1s0x2e708eaa8b898553:0xacfc9ff7555cc5e3!8m2!3d-7.0558862!4d110.4293417!16s%2Fg%2F11c1xfjzpt!19sChIJU4WJi6qOcC4R48VcVfef_Kw?authuser=0&hl=id&rclk=1,"4,4",(713),Ayam,Jl. Tirto Agung No.20, ⋅ Tutup pukul 22.00,110.415419,110.415419
Soto Angkring Mas Boed Banyumanik,https://lh5.googleusercontent.com/p/AF1QipPagwzdJYWK3WplwHtbj6Q9xN6bskcytzT0Gmw6=w122-h92-k-no,https://www.google.com/maps/place/Soto+Angkring+Mas+Boed+Banyumanik/data=!4m7!3m6!1s0x2e70894e8b57d6e3:0x37e58e05baad6af1!8m2!3d-7.0695575!4d110.4188348!16s%2Fg%2F1hm456_qn!19sChIJ49ZXi06JcC4R8WqtugWO5Tc?authuser=0&hl=id&rclk=1,"4,5",(2.105),Soto Ayam,Jl. Jati Raya No.F-3, ⋅ Tutup pukul 15.30,110.415419,110.415419
King Potato Banyumanik,https://lh5.googleusercontent.com/p/AF1QipOI91IuAr7kdbJ2QuzNvJj5oyMW4aZLZNv96P9u=w80-h106-k-no,https://www.google.com/maps/place/King+Potato+Banyumanik/data=!4m7!3m6!1s0x2e7089734cd53dd5:0x95d179409368493b!8m2!3d-7.066172!4d110.4186692!16s%2Fg%2F11rstbcgsy!19sChIJ1T3VTHOJcC4RO0lok0B50ZU?authuser=0&hl=id&rclk=1,"5,0",(9),Makanan Siap Saji,"Ruko Taman Setiabudi, Jl. Sukun Raya", ⋅ Tutup pukul 20.00,110.415419,110.415419
Warung Makan Prasmanan,https://lh5.googleusercontent.com/p/AF1QipNuM5UYf0QiKIuQyQBVhL-96DfgJU3CSK7jy3be=w122-h92-k-no,https://www.google.com/maps/place/Warung+Makan+Prasmanan/data=!4m7!3m6!1s0x2e70897d9f0dc457:0x888c3dbfd7d43a6b!8m2!3d-7.073219!4d110.4113922!16s%2Fg%2F11hytts6kj!19sChIJV8QNn32JcC4RazrU1789jIg?authuser=0&hl=id&rclk=1,"4,5",(19),Prasmanan,Jl. Kr. Rejo Raya No.2,,110.415419,110.415419
Converso Coffee & Eatery,https://lh5.googleusercontent.com/p/AF1QipNyd5SL7UDFi_oLO5zladk8frkfuYibSVZcwFrN=w163-h92-k-no,https://www.google.com/maps/place/Converso+Coffee+%26+Eatery/data=!4m7!3m6!1s0x2e708956b5ba41b7:0x146055616491d18a!8m2!3d-7.0672756!4d110.431628!16s%2Fg%2F11c3rlyxky!19sChIJt0G6tVaJcC4RitGRZGFVYBQ?authuser=0&hl=id&rclk=1,"4,4",(1.608),Restoran,Jl. Mulawarman Raya No.1A, ⋅ Tutup pukul 23.00,110.415419,110.415419
Kedai Balungan Magelang - Banyumanik,https://lh5.googleusercontent.com/p/AF1QipO96h4U9LYuASA5FVtI-EYMoDoNd9tNBGPDNxM6=w163-h92-k-no,https://www.google.com/maps/place/Kedai+Balungan+Magelang+-+Banyumanik/data=!4m7!3m6!1s0x2e7089504a07aaa7:0xa5c6a1cd160e570!8m2!3d-7.0659202!4d110.4169287!16s%2Fg%2F11fy_db9xw!19sChIJp6oHSlCJcC4RcOVg0RxqXAo?authuser=0&hl=id&rclk=1,"4,3",(7),Rumah Makan,Jl. Sukun Raya No.47c, ⋅ Tutup pukul 22.00,110.415419,110.415419
Bebek & Ayam Goreng Mas Ali Banyumanik,https://lh5.googleusercontent.com/p/AF1QipMzTfglA9HL9Duz2vbyrHd_dnUtD-ago76sopz_=w163-h92-k-no,https://www.google.com/maps/place/Bebek+%26+Ayam+Goreng+Mas+Ali+Banyumanik/data=!4m7!3m6!1s0x2e708f33a6a3118d:0x987b6ce85f4121d7!8m2!3d-7.0682903!4d110.4340535!16s%2Fg%2F11t7vx6_2v!19sChIJjRGjpjOPcC4R1yFBX-hse5g?authuser=0&hl=id&rclk=1,"4,8",(40),Restoran,Jl. Mulawarman Raya, ⋅ Tutup pukul 22.00,110.415419,110.415419
De Geprek Mbak Tyas - Banyumanik,https://lh5.googleusercontent.com/p/AF1QipPy2AzSky-0EiyFQAcjjmkONdkW_WZUTSqoctaQ=w122-h92-k-no,https://www.google.com/maps/place/De+Geprek+Mbak+Tyas+-+Banyumanik/data=!4m7!3m6!1s0x2e70894c576fdaa7:0x2fecadbdeb591d19!8m2!3d-7.0682901!4d110.4191729!16s%2Fg%2F11g871jzby!19sChIJp9pvV0yJcC4RGR1Z672t7C8?authuser=0&hl=id&rclk=1,"4,3",(270),Masakan Asia,Jl. Kruing Raya No.119, ⋅ Tutup pukul 22.00,110.415419,110.415419
Rumah Makan Abadi,https://lh5.googleusercontent.com/p/AF1QipM_SFKP9LwniPv7b8JdyqrcOq0VmnoT4TNhFLI=w163-h92-k-no,https://www.google.com/maps/place/Rumah+Makan+Abadi/data=!4m7!3m6!1s0x2e70893b9611d56d:0x57352f0d61693c1!8m2!3d-7.1015252!4d110.4088439!16s%2Fg%2F1hc7c0lwd!19sChIJbdURljuJcC4RwZMW1vBScwU?authuser=0&hl=id&rclk=1,"4,5",(136),Jawa,"JL. Perintis Kemerdekaan, No. 227-A Rt. 01 Rw. 01", ⋅ Tutup Kam pukul 04.30,110.415419,110.415419
Salami,https://lh5.googleusercontent.com/p/AF1QipPPfZ6UW4YhUhtADIZ-RZoxNA0b0kZ4fCm_jbdF=w122-h92-k-no,https://www.google.com/maps/place/Salami/data=!4m7!3m6!1s0x2e70894e3a54c3c9:0xfec9ea04346ea969!8m2!3d-7.0693639!4d110.4178798!16s%2Fg%2F11g6rcl_qk!19sChIJycNUOk6JcC4RaaluNATqyf4?authuser=0&hl=id&rclk=1,"4,7",(124),Restoran,"Jalan Jati Raya D.25, Srondol Wetan, Banyumanik", ⋅ Tutup pukul 19.30,110.415419,110.415419
RM Pelangi Since 1980’s,https://lh5.googleusercontent.com/p/AF1QipOZS3hKROd01fi3_2EWiqYaEDLSLF5kry28AqHs=w163-h92-k-no,https://www.google.com/maps/place/RM+Pelangi+Since+1980%E2%80%99s/data=!4m7!3m6!1s0x2e7088d8c45db60b:0xe586b38fdc8d082b!8m2!3d-7.0992352!4d110.4090065!16s%2Fg%2F1hm488nr_!19sChIJC7ZdxNiIcC4RKwiN3I-zhuU?authuser=0&hl=id&rclk=1,"4,2",(172),Restoran,Jl. Perintis Kemerdekaan No.177, ⋅ Tutup pukul 20.00,110.415419,110.415419
D'tata Resto & Kopi Dari Hati Banyumanik,https://lh5.googleusercontent.com/p/AF1QipMawaJeHauO8bUtMKhgBasQWax0bF7Ewm9Yk-SA=w122-h92-k-no,https://www.google.com/maps/place/D%27tata+Resto+%26+Kopi+Dari+Hati+Banyumanik/data=!4m7!3m6!1s0x2e708fe54944355b:0xf5b396d06081daa4!8m2!3d-7.073211!4d110.432206!16s%2Fg%2F11nfl_xp9f!19sChIJWzVESeWPcC4RpNqBYNCWs_U?authuser=0&hl=id&rclk=1,"4,7",(25),Restoran,Jl. Sawunggaling Sel. No.1, ⋅ Tutup pukul 20.30,110.415419,110.415419
Nasi Goreng Pak Joko Ada Banyumanik,https://lh5.googleusercontent.com/p/AF1QipNO8_QVh2_chR7AgsRcHzfUWrDWcQg3tPgTbAux=w80-h106-k-no,https://www.google.com/maps/place/Nasi+Goreng+Pak+Joko+Ada+Banyumanik/data=!4m7!3m6!1s0x2e708959c1ff982b:0xfced87ef5138f5b6!8m2!3d-7.060914!4d110.41317!16s%2Fg%2F11d_23z3tj!19sChIJK5j_wVmJcC4RtvU4Ue-H7fw?authuser=0&hl=id&rclk=1,"4,2",(78),Nasi Goreng,"Jalan setiabudi no. 221-225, Swalayan Ada Banyumanik lt3, Srondol kulon, banyumanik", ⋅ Tutup pukul 21.00,110.415419,110.415419
OBO,https://lh5.googleusercontent.com/p/AF1QipOOZzPS28iPpTB7IS-f5-s_ur7dEG5G6GTtR4Sb=w163-h92-k-no,https://www.google.com/maps/place/OBO/data=!4m7!3m6!1s0x2e708eab19476ce1:0xeb76a79a5a6e591f!8m2!3d-7.059344!4d110.4278759!16s%2Fg%2F1hm3ptjt2!19sChIJ4WxHGauOcC4RH1luWpqndus?authuser=0&hl=id&rclk=1,"4,4",(971),Sup,"WCRH+756, Jl. Tirto Agung Raya Tembalang", ⋅ Tutup pukul 22.00,110.415419,110.415419
Warung Makan Bu Sis,https://lh5.googleusercontent.com/p/AF1QipO_Uj07Ko6BgQ9XWV9FqQGtsyJi7gfB1VZjZRJJ=w163-h92-k-no,https://www.google.com/maps/place/Warung+Makan+Bu+Sis/data=!4m7!3m6!1s0x2e708bf9eb09e1b7:0x115205b0af656f62!8m2!3d-7.0489196!4d110.422626!16s%2Fg%2F11fyxnv0cb!19sChIJt-EJ6_mLcC4RYm9lr7AFUhE?authuser=0&hl=id&rclk=1,"4,5",(24),Jawa,"XC2F+C3J, Jl. Ngesrep Tim. V Dalam II", ⋅ Tutup pukul 17.00,110.415419,110.415419
Kedai Makan Big Ali 2,https://lh5.googleusercontent.com/p/AF1QipND_CzX4gC87Dd1bXCdOnSyaC1lBS1UjHDAB8Q=w122-h92-k-no,https://www.google.com/maps/place/Kedai+Makan+Big+Ali+2/data=!4m7!3m6!1s0x2e70893598b20bd7:0xb8ec51f19d14c5f4!8m2!3d-7.0761607!4d110.4211053!16s%2Fg%2F11shq7292t!19sChIJ1wuymDWJcC4R9MUUnfFR7Lg?authuser=0&hl=id&rclk=1,"4,4",(42),BBQ,"Jl. Cemara Raya No.39, RT.01/RW.03", ⋅ Tutup pukul 20.00,110.415419,110.415419
Warung Makan Bu Lechan,https://streetviewpixels-pa.googleapis.com/v1/thumbnail?panoid=LDeJEJkrjBVTj3w21c7DNw&cb_client=search.gws-prod.gps&w=80&h=92&yaw=117.40363&pitch=0&thumbfov=100,https://www.google.com/maps/place/Warung+Makan+Bu+Lechan/data=!4m7!3m6!1s0x2e70894a2939cfd9:0x71bb72e1c7470bef!8m2!3d-7.074827!4d110.4206208!16s%2Fg%2F11bzrpv8y_!19sChIJ2c85KUqJcC4R7wtHx-Fyu3E?authuser=0&hl=id&rclk=1,"4,0",(2),Jawa,"WCGC+369, Jl. Meranti Tim. Dlm IV", ⋅ Tutup pukul 15.15,110.415419,110.415419
Mr.K Cafe Gombel,https://lh5.googleusercontent.com/p/AF1QipOh43IEWoiCDqRZjhYO888zqLbFNXcueoV2lFWr=w163-h92-k-no,https://www.google.com/maps/place/Mr.K+Cafe+Gombel/data=!4m7!3m6!1s0x2e708bf461121ec5:0x867e4fd7b13a5960!8m2!3d-7.0387953!4d110.4212602!16s%2Fg%2F11c6_w_jx4!19sChIJxR4SYfSLcC4RYFk6sddPfoY?authuser=0&hl=id&rclk=1,"4,5",(6.235),Restoran,Jl. Setia Budi No.28,,110.415419,110.415419
Rumah Makan Padang Murah,https://lh5.googleusercontent.com/p/AF1QipMihhThwuqLYHJY4KdmWLPhFIDi5UFxmDvE338=w163-h92-k-no,https://www.google.com/maps/place/Rumah+Makan+Padang+Murah/data=!4m7!3m6!1s0x2e708c01992bc315:0x138975c483c532e4!8m2!3d-7.0541297!4d110.4307926!16s%2Fg%2F11bzrq7xbr!19sChIJFcMrmQGMcC4R5DLFg8R1iRM?authuser=0&hl=id&rclk=1,"4,4",(919),Padang,"WCWJ+88V, Jl. Prof. Sudarto", ⋅ Tutup pukul 22.00,110.415419,110.415419
Oliv Geprek Ekspres Grafika Banyumanik,https://lh5.googleusercontent.com/p/AF1QipPNTOG7T4S-lpbLo7F_qWB2F4-RaanD7rj-f63r=w80-h106-k-no,https://www.google.com/maps/place/Oliv+Geprek+Ekspres+Grafika+Banyumanik/data=!4m7!3m6!1s0x2e70897697c79a7f:0x19f4b482609fc362!8m2!3d-7.0768921!4d110.4211224!16s%2Fg%2F11h57lc0bs!19sChIJf5rHl3aJcC4RYsOfYIK09Bk?authuser=0&hl=id&rclk=1,"4,4",(62),Restoran,"Depan KUA, Jl. Grafika Raya No.2", ⋅ Tutup pukul 20.00,110.415419,110.415419
Ayam Penyet Surabaya Banyumanik,https://lh5.googleusercontent.com/p/AF1QipNI4IzkUVmMv9KQxEnwnccDG1JCeIDYX5g62CNe=w80-h106-k-no,https://www.google.com/maps/place/Ayam+Penyet+Surabaya+Banyumanik/data=!4m7!3m6!1s0x2e70899ba1589c19:0x12f2100afead3028!8m2!3d-7.0614276!4d110.4169187!16s%2Fg%2F11rvhmvjmd!19sChIJGZxYoZuJcC4RKDCt_goQ8hI?authuser=0&hl=id&rclk=1,"4,5",(179),Restoran,Jl. Durian Raya No.34 A, ⋅ Tutup pukul 21.00,110.415419,110.415419
Warung Makan Mba' Neny,https://lh5.googleusercontent.com/p/AF1QipPjvtb9w7IOiJ4gr-rqQkJxM6hTfm37_BUda4rK=w92-h92-k-no,https://www.google.com/maps/place/Warung+Makan+Mba%27+Neny/data=!4m7!3m6!1s0x2e708933913a7aeb:0xe7ee8fdaa0936142!8m2!3d-7.0830738!4d110.4222766!16s%2Fg%2F11fz0y2f4t!19sChIJ63o6kTOJcC4RQmGToNqP7uc?authuser=0&hl=id&rclk=1,"5,0",(5),Jawa,"Jalan Tejo Sari Raya 11, Kelurahan Gedawang, Kecamatan Banyumanik", ⋅ Tutup pukul 16.00,110.415419,110.415419
Warung Makan Bu Supranti,https://lh5.googleusercontent.com/p/AF1QipOPxf-6CFGVJZln-HtfpiDLkfZ4dp3qTUYzhEoS=w80-h141-k-no,https://www.google.com/maps/place/Warung+Makan+Bu+Supranti/data=!4m7!3m6!1s0x2e708eaa4e1c5ed1:0x877073455a7762b1!8m2!3d-7.0585331!4d110.4297732!16s%2Fg%2F11bwpy9k4z!19sChIJ0V4cTqqOcC4RsWJ3WkVzcIc?authuser=0&hl=id&rclk=1,"4,4",(78),Jawa,Jl. Tirto Usodo Tim. III No.32A, ⋅ Tutup pukul 16.00,110.415419,110.415419
Warung Makan Mas Pur,https://lh5.googleusercontent.com/p/AF1QipNhnk0FlXZvKAxQThdNkDQyYli-V0w1O70Rfq7u=w122-h92-k-no,https://www.google.com/maps/place/Warung+Makan+Mas+Pur/data=!4m7!3m6!1s0x2e70894ef93e1bcd:0x763a13bcd008565!8m2!3d-7.0698371!4d110.4177326!16s%2Fg%2F11cjpbz3yr!19sChIJzRs--U6JcC4RZYUAzTuhYwc?authuser=0&hl=id&rclk=1,"4,4",(16),Rumah Makan,WCJ9+339, ⋅ Tutup pukul 21.00,110.415419,110.415419
Warung Makan Sekar,https://lh5.googleusercontent.com/p/AF1QipMKTii10yavPYACNJXHyySkt6499yKorzyB90ce=w163-h92-k-no,https://www.google.com/maps/place/Warung+Makan+Sekar/data=!4m7!3m6!1s0x2e708953fb74a08f:0xdacfeb27b2cc6b9a!8m2!3d-7.0622809!4d110.4206455!16s%2Fg%2F11fz9y6jst!19sChIJj6B0-1OJcC4RmmvMsifrz9o?authuser=0&hl=id&rclk=1,,,Jawa,"WCQC+37J, Jl. Durian Raya", ⋅ Tutup pukul 17.00,110.415419,110.415419
Waroeng Kaligarong - Kuliner Semarang Setiabudi,https://lh5.googleusercontent.com/p/AF1QipMqUx_CfQW4Yfr_jaxR0GowO24MmvSgKSqHH6cr=w122-h92-k-no,https://www.google.com/maps/place/Waroeng+Kaligarong+-+Kuliner+Semarang+Setiabudi/data=!4m7!3m6!1s0x2e708b66a2438ebd:0xb6bbac1163b6573f!8m2!3d-7.0466319!4d110.4205635!16s%2Fg%2F11h7xnjjkm!19sChIJvY5DomaLcC4RP1e2YxGsu7Y?authuser=0&hl=id&rclk=1,"4,7",(1.892),Restoran,Jl. Setia Budi No.77, ⋅ Tutup pukul 21.00,110.415419,110.415419
Warung Makan Mba' Neny,https://lh5.googleusercontent.com/p/AF1QipPjvtb9w7IOiJ4gr-rqQkJxM6hTfm37_BUda4rK=w92-h92-k-no,https://www.google.com/maps/place/Warung+Makan+Mba%27+Neny/data=!4m7!3m6!1s0x2e708933913a7aeb:0xe7ee8fdaa0936142!8m2!3d-7.0830738!4d110.4222766!16s%2Fg%2F11fz0y2f4t!19sChIJ63o6kTOJcC4RQmGToNqP7uc?authuser=0&hl=id&rclk=1,"5,0",(5),Jawa,"Jalan Tejo Sari Raya 11, Kelurahan Gedawang, Kecamatan Banyumanik", ⋅ Tutup pukul 16.00,110.415419,110.415419
Serabi Mas Edwin,https://lh5.googleusercontent.com/p/AF1QipMRRzmX9Ufp3rghYRgT5gOp0VvgkKrhRMTA3WWf=w80-h106-k-no,https://www.google.com/maps/place/Serabi+Mas+Edwin/data=!4m7!3m6!1s0x2e708948524960d1:0x8ac12ba3a7c22518!8m2!3d-7.0750428!4d110.415721!16s%2Fg%2F11gbr69511!19sChIJ0WBJUkiJcC4RGCXCp6MrwYo?authuser=0&hl=id&rclk=1,"4,6",(5),Rumah Makan,Jl. Kr. Rejo Raya No.15, ⋅ Tutup pukul 20.00,110.415419,110.415419
Gudeg Mbak Aries Banyumanik,https://lh5.googleusercontent.com/p/AF1QipOZzgt25VQ0gxy5QWprXnRNp_4wyzqcf0EBRfRt=w80-h106-k-no,https://www.google.com/maps/place/Gudeg+Mbak+Aries+Banyumanik/data=!4m7!3m6!1s0x2e70898520c6d729:0x89a141ef03610c95!8m2!3d-7.0703493!4d110.4234124!16s%2Fg%2F11g_zyxssz!19sChIJKdfGIIWJcC4RlQxhA-9BoYk?authuser=0&hl=id&rclk=1,,,Rumah Makan,"Ruko, Jl. Jati Raya No.5", ⋅ Tutup pukul 20.00,110.415419,110.415419
Kedai prasmanan 12k,https://lh5.googleusercontent.com/p/AF1QipNypaL015ZV5CjysK9WNdh4GxmEGkZHtb9GKxge=w122-h92-k-no,https://www.google.com/maps/place/Kedai+prasmanan+12k/data=!4m7!3m6!1s0x2e708f7abff77e2b:0xcb9ab928345e410c!8m2!3d-7.0582317!4d110.4317857!16s%2Fg%2F11j2phtyq3!19sChIJK373v3qPcC4RDEFeNCi5mss?authuser=0&hl=id&rclk=1,"5,0",(1),Prasmanan,Jl. Tirto Usodo Tim. No.40 b, ⋅ Tutup pukul 15.00,110.415419,110.415419
Burjo Holic 1,https://lh5.googleusercontent.com/p/AF1QipOt-7s4qa5gy5qadsh4zwugFqEiEZwiT8IaMtOl=w122-h92-k-no,https://www.google.com/maps/place/Burjo+Holic+1/data=!4m7!3m6!1s0x2e708eab42f73b93:0xc34b6c094950b1d3!8m2!3d-7.0605478!4d110.4275933!16s%2Fg%2F11b76pyfvm!19sChIJkzv3QquOcC4R07FQSQlsS8M?authuser=0&hl=id&rclk=1,"4,3",(610),Restoran,Jl. Tirto Agung No.81,,110.415419,110.415419
Warung Dhe Nung,https://lh5.googleusercontent.com/p/AF1QipMX4nJnqIi0AJy2v6xF_PCutcp_SUYsGRR-KLX1=w163-h92-k-no,https://www.google.com/maps/place/Warung+Dhe+Nung/data=!4m7!3m6!1s0x2e7089e0936c7369:0xfa659a1491a335e8!8m2!3d-7.0639825!4d110.4242118!16s%2Fg%2F11jbn9rmmj!19sChIJaXNsk-CJcC4R6DWjkRSaZfo?authuser=0&hl=id&rclk=1,"4,5",(74),Rumah Makan,Jl. Durian Raya No.73B, ⋅ Tutup pukul 21.00,110.415419,110.415419
"Rumah Makan "" Seroja"" Masakan Padang",https://lh5.googleusercontent.com/p/AF1QipNF9kKEMU4Zg48mCvV3AXnuTttlNOnf_hFYZdM=w122-h92-k-no,https://www.google.com/maps/place/Rumah+Makan+%22+Seroja%22+Masakan+Padang/data=!4m7!3m6!1s0x2e7089463eaad5db:0xe23a893a134d5af5!8m2!3d-7.0741139!4d110.4130578!16s%2Fg%2F11dzsx5cdr!19sChIJ29WqPkaJcC4R9VpNEzqJOuI?authuser=0&hl=id&rclk=1,"4,3",(15),Padang,"WCG7+963, Jl. Kr. Rejo Raya", ⋅ Tutup pukul 20.00,110.415419,110.415419
RM Chaniago,https://lh5.googleusercontent.com/p/AF1QipOW2YZ3q6KWW3JlZFwCv7u2C12pckZQmATMjvaC=w122-h92-k-no,https://www.google.com/maps/place/RM+Chaniago/data=!4m7!3m6!1s0x2e70894e868e28b7:0x5c9684876385651!8m2!3d-7.0696995!4d110.4196944!16s%2Fg%2F11c528nz3x!19sChIJtyiOhk6JcC4RUVY4dkhoyQU?authuser=0&hl=id&rclk=1,"4,5",(412),Padang,"Jalan Jati Raya No.F12, Srondol Wetan, Banyumanik", ⋅ Tutup pukul 21.00,110.415419,110.415419
Sumber Bestik Sumurboto Banyumanik,https://lh5.googleusercontent.com/p/AF1QipOemCUhqF--CeRuHg_6WSzykTs8_xBDNXtQo1E=w80-h106-k-no,https://www.google.com/maps/place/Sumber+Bestik+Sumurboto+Banyumanik/data=!4m7!3m6!1s0x2e708bf8c4b748f7:0x501afbceba5c8dae!8m2!3d-7.0507108!4d110.4240045!16s%2Fg%2F11bc7s6ytd!19sChIJ90i3xPiLcC4Rro1cus77GlA?authuser=0&hl=id&rclk=1,"4,3",(186),Indonesia,Jl. Ngesrep Tim. V No.5, ⋅ Tutup pukul 21.00,110.415419,110.415419
Rocket Chicken Banyumanik,https://lh5.googleusercontent.com/p/AF1QipNzZ28E_kmMy0JiupjNpNLc-NaOGW4WPodNplQa=w80-h106-k-no,https://www.google.com/maps/place/Rocket+Chicken+Banyumanik/data=!4m7!3m6!1s0x2e70894e84710881:0x5575dcb1df188c7d!8m2!3d-7.0700079!4d110.4198177!16s%2Fg%2F11fy_d8sjv!19sChIJgQhxhE6JcC4RfYwY37HcdVU?authuser=0&hl=id&rclk=1,"4,3",(508),Ayam,Jl. Jati Raya No.7, ⋅ Tutup pukul 21.00,110.415419,110.415419
Bakmi Surabaya Cak Jono,https://lh5.googleusercontent.com/p/AF1QipNpRLfB0peso1N_jtttXrE_bOT-AEpQNcxJy7Rx=w122-h92-k-no,https://www.google.com/maps/place/Bakmi+Surabaya+Cak+Jono/data=!4m7!3m6!1s0x2e70894627bffa5d:0x434896326329b408!8m2!3d-7.0751148!4d110.4168982!16s%2Fg%2F1pzvbht5p!19sChIJXfq_J0aJcC4RCLQpYzKWSEM?authuser=0&hl=id&rclk=1,"4,4",(1.195),Mi,Jl. Kr. Rejo Raya, ⋅ Tutup pukul 00.00,110.415419,110.415419
Kedai Makan & Wedang TEMPO DOELOE,https://lh5.googleusercontent.com/p/AF1QipNV-WR_4JOWNR6qYCCnfm348aIurip0q6mC5WIV=w163-h92-k-no,https://www.google.com/maps/place/Kedai+Makan+%26+Wedang+TEMPO+DOELOE/data=!4m7!3m6!1s0x2e708bf7f024447d:0x7897703bcf6b284!8m2!3d-7.045754!4d110.4253541!16s%2Fg%2F11f3xgw4l2!19sChIJfUQk8PeLcC4RhLL2vAN3iQc?authuser=0&hl=id&rclk=1,"4,7",(16),Restoran,"BukitSari, Jl. Bukit Sari Raya No.2C", ⋅ Tutup pukul 21.00,110.415419,110.415419
Kuliner Mamiepantry,https://lh5.googleusercontent.com/p/AF1QipPpJo-ROppHTTtBvnb9-4OT9HkONCvbYInRg7rO=w92-h92-k-no,https://www.google.com/maps/place/Kuliner+Mamiepantry/data=!4m7!3m6!1s0x2e7089e50abcf8f7:0x4db6e1d2c179812d!8m2!3d-7.0931942!4d110.4183672!16s%2Fg%2F11j83lyyct!19sChIJ9_i8CuWJcC4RLYF5wdLhtk0?authuser=0&hl=id&rclk=1,"5,0",(1),Perpaduan,Pudakpayung Sejati B 15, ⋅ Tutup pukul 20.45,110.415419,110.415419
Mie Level Mas No Tirto Agung,https://lh5.googleusercontent.com/p/AF1QipPAAFSZwNIpPiIYPN0s0wkoq3S3EtcRMZNIDQb9=w122-h92-k-no,https://www.google.com/maps/place/Mie+Level+Mas+No+Tirto+Agung/data=!4m7!3m6!1s0x2e708eab101ddd2b:0x741fc41e8fbee53!8m2!3d-7.0578837!4d110.4289008!16s%2Fg%2F1pzplgps1!19sChIJK90dEKuOcC4RU-776EH8QQc?authuser=0&hl=id&rclk=1,"4,2",(889),Mi,Jl. Tirto Agung No.59,,110.415419,110.415419
Rumah Makan Padang Ridho Minang,https://lh5.googleusercontent.com/p/AF1QipPVsnC6HqmXULTStds6nHL1P1qNw2GUjQxdTS82=w92-h92-k-no,https://www.google.com/maps/place/Rumah+Makan+Padang+Ridho+Minang/data=!4m7!3m6!1s0x2e708953a3988d41:0x653dec92429d1143!8m2!3d-7.062981!4d110.422521!16s%2Fg%2F11btwrzdhr!19sChIJQY2Yo1OJcC4RQxGdQpLsPWU?authuser=0&hl=id&rclk=1,"4,5",(202),Padang,Jl. Durian Raya No.29, ⋅ Tutup pukul 20.30,110.415419,110.415419
Kenitu Kedai Taman,https://lh5.googleusercontent.com/p/AF1QipOJ08ZRFxd09J2hTiZTTffiNx6Mt-NKMKpBd5Ob=w163-h92-k-no,https://www.google.com/maps/place/Kenitu+Kedai+Taman/data=!4m7!3m6!1s0x2e708f4596d51b47:0xae374f523bbb8278!8m2!3d-7.0686983!4d110.431068!16s%2Fg%2F11hdxnymc6!19sChIJRxvVlkWPcC4ReIK7O1JPN64?authuser=0&hl=id&rclk=1,"4,4",(217),Restoran,Jl. Mulawarman I No.21, ⋅ Tutup pukul 21.00,110.415419,110.415419
"Warung ""Katsu"" J-Pan",https://lh5.googleusercontent.com/p/AF1QipNMNW1ZgRD1rguJbSFsqQbS5Ylo3ARCDz-kTCgW=w80-h106-k-no,https://www.google.com/maps/place/Warung+%22Katsu%22+J-Pan/data=!4m7!3m6!1s0x2e708b90d7ce375f:0x206e35bd76ab386c!8m2!3d-7.0284785!4d110.4068963!16s%2Fg%2F11bz_809d0!19sChIJXzfO15CLcC4RbDirdr01biA?authuser=0&hl=id&rclk=1,"4,7",(44),Rumah Makan,"XCC4+JQ2, Jl. Pawiyatan Luhur II", ⋅ Tutup pukul 19.00,110.415419,110.415419
"GH Corner (Kuliner Semarang - Arab, Melayu, Malaysia, Eropa, Thai)",https://lh5.googleusercontent.com/p/AF1QipNmAHuyIvwMNP_fmi-OMMCcd2ysfiubcqatFFRn=w122-h92-k-no,"https://www.google.com/maps/place/GH+Corner+%28Kuliner+Semarang+-+Arab,+Melayu,+Malaysia,+Eropa,+Thai%29/data=!4m7!3m6!1s0x2e708b144418ecf7:0x6fb25f565a09f5db!8m2!3d-7.0626421!4d110.4169987!16s%2Fg%2F11h3v6js5f!19sChIJ9-wYRBSLcC4R2_UJWlZfsm8?authuser=0&hl=id&rclk=1","4,5",(283),Restoran,Jl. Durian Selatan I No.14, ⋅ Tutup pukul 20.30,110.415419,110.415419
Gohyang Jib,https://lh5.googleusercontent.com/p/AF1QipPfvm6_f8lyWd6QVS-ggcSyzS_LjgHtkJQ8QJnO=w122-h92-k-no,https://www.google.com/maps/place/Gohyang+Jib/data=!4m7!3m6!1s0x2e708bf793061e1b:0x9c8b5c0fe3021130!8m2!3d-7.0454848!4d110.4243817!16s%2Fg%2F1hm2cvr_z!19sChIJGx4Gk_eLcC4RMBEC4w9ci5w?authuser=0&hl=id&rclk=1,"4,5",(940),Korea,Jl. Bukit Sari Raya No.8 & 9, ⋅ Tutup pukul 22.00,110.415419,110.415419
Malageni Resto,https://streetviewpixels-pa.googleapis.com/v1/thumbnail?panoid=ZZAzuQKLDUzO2D6S2wJ7kg&cb_client=search.gws-prod.gps&w=80&h=92&yaw=54.714287&pitch=0&thumbfov=100,https://www.google.com/maps/place/Malageni+Resto/data=!4m7!3m6!1s0x2e708916a2705afb:0x194ff397b50ea56f!8m2!3d-7.0728338!4d110.4166696!16s%2Fg%2F11j2c9jknb!19sChIJ-1pwohaJcC4Rb6UOtZfzTxk?authuser=0&hl=id&rclk=1,,,Restoran,WCG8+VM7, ⋅ Tutup pukul 20.00,110.415419,110.415419
Warung Makan Bu Yanti,https://lh5.googleusercontent.com/p/AF1QipOLLLm8D5294LNRrVcjCzS_3D5VJadMzdJeo_KN=w122-h92-k-no,https://www.google.com/maps/place/Warung+Makan+Bu+Yanti/data=!4m7!3m6!1s0x2e708bfb7c349191:0x2e7f584552c1da50!8m2!3d-7.0516115!4d110.4167427!16s%2Fg%2F11bzrpzcgd!19sChIJkZE0fPuLcC4RUNrBUkVYfy4?authuser=0&hl=id&rclk=1,"4,3",(371),Jawa,Jl. Ngesrep Bar. VI No.33, ⋅ Tutup pukul 17.00,110.415419,110.415419
RM Padang Murah,https://lh5.googleusercontent.com/p/AF1QipPTIDok_Gsh3_lrXT6LQW8VpOlh-lrBOFCt_WEe=w163-h92-k-no,https://www.google.com/maps/place/RM+Padang+Murah/data=!4m7!3m6!1s0x2e70894c31bad5c1:0x53e1f6d2e5fbb136!8m2!3d-7.0698104!4d110.421338!16s%2Fg%2F11c46dhfg4!19sChIJwdW6MUyJcC4RNrH75dL24VM?authuser=0&hl=id&rclk=1,"4,3",(657),Padang,Jl. Jati Raya No.F16, ⋅ Tutup pukul 22.00,110.415419,110.415419
Padang Murah Sumurboto Banyumanik,https://lh5.googleusercontent.com/p/AF1QipMPeBlbMnPI-C8Bw3HXn9ZBkcwhh9wKApZrnwVc=w80-h106-k-no,https://www.google.com/maps/place/Padang+Murah+Sumurboto+Banyumanik/data=!4m7!3m6!1s0x2e708bfa285f48b5:0x427a3c1a4f875d26!8m2!3d-7.048891!4d110.4200609!16s%2Fg%2F11b_00y07k!19sChIJtUhfKPqLcC4RJl2HTxo8ekI?authuser=0&hl=id&rclk=1,"2,8",(15),Rumah Makan,Jl. Ngesrep Tim. V Dalam II, ⋅ Tutup pukul 20.00,110.415419,110.415419
STAR STEAK,https://lh5.googleusercontent.com/p/AF1QipNcrqJdirkjU0Ixu7Uh2cMo9S1IHmKqmXW-2yaX=w163-h92-k-no,https://www.google.com/maps/place/STAR+STEAK/data=!4m7!3m6!1s0x2e70893c842bb50d:0xb827e685d683f744!8m2!3d-7.0700586!4d110.4219385!16s%2Fg%2F11fpg02x23!19sChIJDbUrhDyJcC4RRPeD1oXmJ7g?authuser=0&hl=id&rclk=1,"4,4",(368),Restoran,Jl. Jati Raya No.25, ⋅ Tutup pukul 22.00,110.415419,110.415419
Ayam Goreng Pejuang Sumurboto Banyumanik,https://lh5.googleusercontent.com/p/AF1QipMhYWU7iIxUE0fBtq1YOZE_o2B3mw11uPTO9PEp=w122-h92-k-no,https://www.google.com/maps/place/Ayam+Goreng+Pejuang+Sumurboto+Banyumanik/data=!4m7!3m6!1s0x2e708bf8b9a55913:0x3e2dc3193a14e0f8!8m2!3d-7.0510107!4d110.4244653!16s%2Fg%2F1hm2y7qb1!19sChIJE1mlufiLcC4R-OAUOhnDLT4?authuser=0&hl=id&rclk=1,"4,4",(492),Ayam Goreng,Jl. Ngesrep Tim. V No.63, ⋅ Tutup pukul 21.00,110.415419,110.415419
Warung Makan Bu Menur Jameela,https://lh5.googleusercontent.com/p/AF1QipMFtU8JuTR6Qw50QVp2h-7ivfm4nC9rvvZX4Ygr=w122-h92-k-no,https://www.google.com/maps/place/Warung+Makan+Bu+Menur+Jameela/data=!4m7!3m6!1s0x2e708930915873cd:0x75a2c0eee412b16e!8m2!3d-7.0840821!4d110.415437!16s%2Fg%2F11g7343sgz!19sChIJzXNYkTCJcC4RbrES5O7AonU?authuser=0&hl=id&rclk=1,"5,0",(1),Makanan Sehat,WC88+957, ⋅ Tutup pukul 16.00,110.415419,110.415419
Sate Sapi Pak Kempleng,https://lh5.googleusercontent.com/p/AF1QipP5ZHwHkIZBLVNe6q-NhXqzU4sW1gb1tkJygbb0=w163-h92-k-no,https://www.google.com/maps/place/Sate+Sapi+Pak+Kempleng/data=!4m7!3m6!1s0x2e7089387c410f15:0xcad8c8f80eef6ef!8m2!3d-7.0786829!4d110.4117114!16s%2Fg%2F1hm2fpnrh!19sChIJFQ9BfDiJcC4R7_bugI-MrQw?authuser=0&hl=id&rclk=1,"4,4",(280),Sate,Jl. Perintis Kemerdekaan No.58, ⋅ Tutup pukul 20.00,110.415419,110.415419
KEBAB KALAP,https://lh5.googleusercontent.com/p/AF1QipMk2mcaa10KxBh3TFHhfBfX-u2t0LCLSGDFvM5l=w122-h92-k-no,https://www.google.com/maps/place/KEBAB+KALAP/data=!4m7!3m6!1s0x2e708939dde11347:0x530b85608beb02fc!8m2!3d-7.0812095!4d110.413789!16s%2Fg%2F11c1xdckd4!19sChIJRxPh3TmJcC4R_ALri2CFC1M?authuser=0&hl=id&rclk=1,"4,7",(155),Kebab,WC97+GG7,,110.415419,110.415419
Pizza Hut Restoran,https://lh5.googleusercontent.com/p/AF1QipOQ_yr3djjCnJ9czGbJgdF9PFOS8yjv-h60Tn-i=w163-h92-k-no,https://www.google.com/maps/place/Pizza+Hut+Restoran/data=!4m7!3m6!1s0x2e70895a3e57209b:0x80e29f4cdc38271b!8m2!3d-7.0642858!4d110.4127302!16s%2Fg%2F1vd3y300!19sChIJmyBXPlqJcC4RGyc43Eyf4oA?authuser=0&hl=id&rclk=1,"4,5",(3.481),Pizza,Jl. Setia Budi No.196,,110.415419,110.415419
Warung makan murah,https://streetviewpixels-pa.googleapis.com/v1/thumbnail?panoid=UFGlEDKeiq_7EHKbd4hB2A&cb_client=search.gws-prod.gps&w=80&h=92&yaw=75.84234&pitch=0&thumbfov=100,https://www.google.com/maps/place/Warung+makan+murah/data=!4m7!3m6!1s0x2e708b9c59162da1:0x28be7db0541fe828!8m2!3d-7.0283698!4d110.4067385!16s%2Fg%2F11hz06_fd4!19sChIJoS0WWZyLcC4RKOgfVLB9vig?authuser=0&hl=id&rclk=1,,,Restoran,"XCC4+MM5, Jl. Pawiyatan Luhur II", ⋅ Tutup pukul 17.00,110.415419,110.415419
Koenang-Koenang,https://lh5.googleusercontent.com/p/AF1QipMjNCU-nX3EVDBg1WvOfoXJUfclZoYXOaaTJfLl=w137-h92-k-no,https://www.google.com/maps/place/Koenang-Koenang/data=!4m7!3m6!1s0x2e708fde8589150b:0x6481c9ec9482e4b1!8m2!3d-7.062826!4d110.4336056!16s%2Fg%2F11j8tkbv6h!19sChIJCxWJhd6PcC4RseSClOzJgWQ?authuser=0&hl=id&rclk=1,"4,5",(239),Restoran,Jl. Estetika Raya, ⋅ Tutup pukul 22.00,110.415419,110.415419
Lungo Kedai,https://lh5.googleusercontent.com/p/AF1QipMbfG7h7VSHn5P-n9_dqWnGWBa1ujZWoE8NTLa1=w122-h92-k-no,https://www.google.com/maps/place/Lungo+Kedai/data=!4m7!3m6!1s0x2e7089ca584694bd:0xe1c99ece3fe714ec!8m2!3d-7.0684209!4d110.4205866!16s%2Fg%2F11r8m4b2tx!19sChIJvZRGWMqJcC4R7BTnP86eyeE?authuser=0&hl=id&rclk=1,"4,8",(31),Indonesia,Jl. Kruing Raya No.89, ⋅ Tutup pukul 22.00,110.415419,110.415419
Rumah Makan Padang Meriah,https://lh5.googleusercontent.com/p/AF1QipP-_37O2YnQhJyVghwUTXeSZ2CDFmzcB4SKjJZy=w80-h106-k-no,https://www.google.com/maps/place/Rumah+Makan+Padang+Meriah/data=!4m7!3m6!1s0x2e708b4ba02fa279:0xd23aa09567a8d431!8m2!3d-7.0493432!4d110.4206154!16s%2Fg%2F11f9dww9c9!19sChIJeaIvoEuLcC4RMdSoZ5WgOtI?authuser=0&hl=id&rclk=1,"4,4",(68),Padang,Jl. Prof. Sudarto No.10, ⋅ Tutup pukul 21.30,110.415419,110.415419
Bakso Manja Semarang,https://lh5.googleusercontent.com/p/AF1QipNY0pBScdN0DAPAgIK-1LGBnXfinaJXLXGKDc9J=w122-h92-k-no,https://www.google.com/maps/place/Bakso+Manja+Semarang/data=!4m7!3m6!1s0x2e708eb2d459df83:0xfd6e214b6c8257d2!8m2!3d-7.0689562!4d110.4263738!16s%2Fg%2F11c6_6hv03!19sChIJg99Z1LKOcC4R0leCbEshbv0?authuser=0&hl=id&rclk=1,"4,6",(306),Bakso,Jl. Tusam Timur Raya No.5, ⋅ Tutup pukul 20.00,110.415419,110.415419
Kedai GEMES (geprek • mie • es),https://lh5.googleusercontent.com/p/AF1QipPiN3oV60_N2gEfTAd5rJ-eQa4oLmuWNU-0duAx=w163-h92-k-no,https://www.google.com/maps/place/Kedai+GEMES+%28geprek+%E2%80%A2+mie+%E2%80%A2+es%29/data=!4m7!3m6!1s0x2e708ea9b8cbcd51:0x69fdc4efa776d363!8m2!3d-7.0570426!4d110.433474!16s%2Fg%2F11c2y4s5dy!19sChIJUc3LuKmOcC4RY9N2p-_E_Wk?authuser=0&hl=id&rclk=1,"4,5",(241),Mi,Jl. Jatimulyo No.9, ⋅ Tutup pukul 21.00,110.415419,110.415419
"Ayam Gepuk Mbak Tyas - Ayam Geprek, Banyumanik",https://lh5.googleusercontent.com/p/AF1QipNnEZ9SGGlxFE8Sjye1-d6EjvPF1-fGwp_l91lL=w163-h92-k-no,"https://www.google.com/maps/place/Ayam+Gepuk+Mbak+Tyas+-+Ayam+Geprek,+Banyumanik/data=!4m7!3m6!1s0x2e70892abac67877:0xe78e024437c7b5b5!8m2!3d-7.0682817!4d110.4191543!16s%2Fg%2F11gjw_l16z!19sChIJd3jGuiqJcC4RtbXHN0QCjuc?authuser=0&hl=id&rclk=1","3,6",(22),Ayam,Jl. Kruing Raya No.119, ⋅ Tutup pukul 22.00,110.415419,110.415419
Kedai Berkah Baru,https://lh5.googleusercontent.com/p/AF1QipNOcRGBB3tg_OV__p0G-VCKRokgq1Xg7jl6IWhr=w122-h92-k-no,https://www.google.com/maps/place/Kedai+Berkah+Baru/data=!4m7!3m6!1s0x2e708c0725bd2a85:0x2ba66c6cafb6ca03!8m2!3d-7.0508167!4d110.4288071!16s%2Fg%2F11dfl62kjv!19sChIJhSq9JQeMcC4RA8q2r2xspis?authuser=0&hl=id&rclk=1,"4,4",(745),Hidangan Laut,Jl. Bukit Umbul No.1A, ⋅ Tutup pukul 21.30,110.415419,110.415419
Kedai Makan Chinese food Leres Rasa,https://lh5.googleusercontent.com/p/AF1QipOlTGNCdJGNvHJKjnGCLLrep04jmoxHgLOn3FPp=w92-h92-k-no,https://www.google.com/maps/place/Kedai+Makan+Chinese+food+Leres+Rasa/data=!4m7!3m6!1s0x2e708ca31c33f0a9:0x898d141a0b8d01e6!8m2!3d-7.0904107!4d110.4229405!16s%2Fg%2F11gxxgf82b!19sChIJqfAzHKOMcC4R5gGNCxoUjYk?authuser=0&hl=id&rclk=1,"5,0",(14),China,"Depan apotek 3el, ruko gedawang permai, Jl. Watu Kaji Raya", ⋅ Tutup pukul 20.00,110.415419,110.415419
Kedai makan big ali 2,https://lh5.googleusercontent.com/p/AF1QipM-3q32te5WKqfRBZiZJDGAJWSWLB8R6l4w3n5j=w80-h106-k-no,https://www.google.com/maps/place/Kedai+makan+big+ali+2/data=!4m7!3m6!1s0x2e70894a17447323:0x377a8d3f3ef50791!8m2!3d-7.0761338!4d110.4210754!16s%2Fg%2F11gg5nmh7t!19sChIJI3NEF0qJcC4RkQf1Pj-Nejc?authuser=0&hl=id&rclk=1,"4,5",(130),Restoran,Jl. Grafika Raya No.39, ⋅ Tutup pukul 20.30,110.415419,110.415419
Warung Makan D'Pah,https://lh5.googleusercontent.com/p/AF1QipP0YpnAdqQ3AETwofd8btm-aZ_GmKdZbdWYUiBG=w80-h106-k-no,https://www.google.com/maps/place/Warung+Makan+D%27Pah/data=!4m7!3m6!1s0x2e708bfa441f3bd5:0xf2307b84fd584017!8m2!3d-7.0477181!4d110.4187096!16s%2Fg%2F11gbl3001c!19sChIJ1TsfRPqLcC4RF0BY_YR7MPI?authuser=0&hl=id&rclk=1,"5,0",(3),Jawa,"Jl. Ngesrep Bar. V No.5, RT.1/RW.8", ⋅ Tutup pukul 15.00,110.415419,110.415419
Warung Makan Tahu Gimbal Barokah,https://lh5.googleusercontent.com/p/AF1QipNXFdYsJ1z5vIidVCjHLpmDJquV54obhY6VmMMe=w130-h92-k-no,https://www.google.com/maps/place/Warung+Makan+Tahu+Gimbal+Barokah/data=!4m7!3m6!1s0x2e70894e3f040ce9:0xed119bc476fe30e6!8m2!3d-7.068204!4d110.418545!16s%2Fg%2F11cjpcq3pc!19sChIJ6QwEP06JcC4R5jD-dsSbEe0?authuser=0&hl=id&rclk=1,"4,3",(87),Rumah Makan,"WCJ9+PC7, Jl. Kruing Raya", ⋅ Tutup pukul 22.00,110.415419,110.415419
Mie Ayam & Bakso Pak Dodok,https://lh5.googleusercontent.com/p/AF1QipPKzj3loKpBFglhb7JgbVj2DmjTzlx5-jG9M_4X=w80-h106-k-no,https://www.google.com/maps/place/Mie+Ayam+%26+Bakso+Pak+Dodok/data=!4m7!3m6!1s0x2e708950e6867a27:0x6359c1c0014ac182!8m2!3d-7.0636093!4d110.4167713!16s%2Fg%2F11gfdzxrby!19sChIJJ3qG5lCJcC4RgsFKAcDBWWM?authuser=0&hl=id&rclk=1,"4,2",(179),Bakso,Jl. Durian Selatan I No.16, ⋅ Tutup pukul 21.00,110.415419,110.415419
Soto Ayam dan Ayam Goreng Bangkong,https://lh5.googleusercontent.com/p/AF1QipOr7X3iotUTXWk7wUSQVmwnE-359jx_DuU2UO0E=w122-h92-k-no,https://www.google.com/maps/place/Soto+Ayam+dan+Ayam+Goreng+Bangkong/data=!4m7!3m6!1s0x2e70895a1fa3ef45:0xa1e4b62ec14778e4!8m2!3d-7.0621211!4d110.4128956!16s%2Fg%2F1yw0_wl8c!19sChIJRe-jH1qJcC4R5HhHwS625KE?authuser=0&hl=id&rclk=1,"4,1",(949),Soto Ayam,Jl. Setia Budi No.229, ⋅ Tutup pukul 21.00,110.415419,110.415419
Warteg Sumurboto Banyumanik,https://lh5.googleusercontent.com/p/AF1QipNlX7T6JbBxHIgVBsZMZkboJJuFu5IkeEViSRo3=w184-h92-k-no,https://www.google.com/maps/place/Warteg+Sumurboto+Banyumanik/data=!4m7!3m6!1s0x2e708bf9778400f1:0x76f71747de0ebc88!8m2!3d-7.0492172!4d110.4210147!16s%2Fg%2F11bzrfrhc6!19sChIJ8QCEd_mLcC4RiLwO3kcX93Y?authuser=0&hl=id&rclk=1,"4,5",(38),Tegal,"XC2C+8C6, Jalan Ngesrep Timur V, Sumurboto, Banyumanik",,110.415419,110.415419
Payu Ceker Tanpa Tulang - Banyumanik,https://lh5.googleusercontent.com/p/AF1QipNXCZ98Ijxlc5rLFHaA9YMK1X8ZgQsdssHLGrlg=w92-h92-k-no,https://www.google.com/maps/place/Payu+Ceker+Tanpa+Tulang+-+Banyumanik/data=!4m7!3m6!1s0x2e70895131377c47:0x24f9139b5f470f0d!8m2!3d-7.0694113!4d110.4219995!16s%2Fg%2F11s48fqnwm!19sChIJR3w3MVGJcC4RDQ9HX5sT-SQ?authuser=0&hl=id&rclk=1,"4,4",(7),Masakan Asia,"Griya Taman Gasinta.10, Jl. Jati Raya No.10", ⋅ Tutup pukul 20.30,110.415419,110.415419
Rumah Makan Padang Awak Juo,https://streetviewpixels-pa.googleapis.com/v1/thumbnail?panoid=PU2LavLktdyQhHdVe0esWA&cb_client=search.gws-prod.gps&w=80&h=92&yaw=47.45469&pitch=0&thumbfov=100,https://www.google.com/maps/place/Rumah+Makan+Padang+Awak+Juo/data=!4m7!3m6!1s0x2e70894c49c36a31:0xb8a6ec63e479be80!8m2!3d-7.069844!4d110.421793!16s%2Fg%2F11dfj19329!19sChIJMWrDSUyJcC4RgL555GPsprg?authuser=0&hl=id&rclk=1,"4,0",(1),Padang,Jl. Jati Raya No.21, ⋅ Tutup pukul 16.30,110.415419,110.415419
Warung Makan Mbak Tun,https://lh5.googleusercontent.com/p/AF1QipO4JD2Kj8wFpKCGmDIFR9u1GKzVOzgwmYdqqpbg=w163-h92-k-no,https://www.google.com/maps/place/Warung+Makan+Mbak+Tun/data=!4m7!3m6!1s0x2e708c00fa97e36f:0xb9c35fe6a5d37cd4!8m2!3d-7.0529541!4d110.4274692!16s%2Fg%2F11cmsgm4qp!19sChIJb-OX-gCMcC4R1HzTpeZfw7k?authuser=0&hl=id&rclk=1,"4,6",(80),Jawa,"WCWG+RX9, Jl. Sumurboto III", ⋅ Tutup pukul 20.00,110.415419,110.415419
Putri Noya Coffee & Sushi,https://lh5.googleusercontent.com/p/AF1QipNAxiGvBLtu8xP_MeaEY_yx5U0xI5i1pgN_0T9T=w122-h92-k-no,https://www.google.com/maps/place/Putri+Noya+Coffee+%26+Sushi/data=!4m7!3m6!1s0x2e70898ecc8d87a5:0x385004f73ae59a22!8m2!3d-7.0651758!4d110.4192754!16s%2Fg%2F11p16hqw53!19sChIJpYeNzI6JcC4RIprlOvcEUDg?authuser=0&hl=id&rclk=1,"4,7",(55),Restoran,Jl. Durian Selatan II No.17b, ⋅ Tutup pukul 20.30,110.415419,110.415419
Warung Makan Mbak Nur,https://lh5.googleusercontent.com/p/AF1QipO1ui2jzxf1u_vax3wHlLwo382do6T9pmhJqZJu=w80-h106-k-no,https://www.google.com/maps/place/Warung+Makan+Mbak+Nur/data=!4m7!3m6!1s0x2e708931aa400a97:0xa9a4600afe71bfcf!8m2!3d-7.0849824!4d110.4174598!16s%2Fg%2F11bzq11h4l!19sChIJlwpAqjGJcC4Rz79x_gpgpKk?authuser=0&hl=id&rclk=1,"4,0",(4),Jawa,"WC88+2X4, Jl. Empu Sendok Raya", ⋅ Tutup pukul 17.00,110.415419,110.415419
Swieke Banyumanik,https://lh5.googleusercontent.com/p/AF1QipPoBZ475lsMy2udHDaKyOblcCO7pARQvcDrxwOy=w80-h106-k-no,https://www.google.com/maps/place/Swieke+Banyumanik/data=!4m7!3m6!1s0x2e708945c747ece3:0xb0c07bf5331e3d6d!8m2!3d-7.0709699!4d110.411488!16s%2Fg%2F11dylyr97k!19sChIJ4-xHx0WJcC4RbT0eM_V7wLA?authuser=0&hl=id&rclk=1,"4,8",(19),Restoran,"WCH6+JH9, Jl. Cemp.", ⋅ Tutup pukul 19.00,110.415419,110.415419
Bebek & Ayam Kampung “Mas Budi”,https://lh5.googleusercontent.com/p/AF1QipO-i3yQFoasF-7Iz238RvrR5MLzeAdZlq3vEcCM=w122-h92-k-no,https://www.google.com/maps/place/Bebek+%26+Ayam+Kampung+%E2%80%9CMas+Budi%E2%80%9D/data=!4m7!3m6!1s0x2e708fc785f9bbdb:0x518450a0927ec879!8m2!3d-7.0669565!4d110.431228!16s%2Fg%2F11smhf4w6y!19sChIJ27v5hcePcC4Rech-kqBQhFE?authuser=0&hl=id&rclk=1,"4,5",(285),Indonesia,Jl. Mulawarman Raya No.41, ⋅ Tutup pukul 22.00,110.415419,110.415419
Rumah Makan Padang Murah,https://lh5.googleusercontent.com/p/AF1QipN7cdc2HOikekvMdN1PLVuPyVnGQjslwxC9tWH_=w80-h106-k-no,https://www.google.com/maps/place/Rumah+Makan+Padang+Murah/data=!4m7!3m6!1s0x2e708931080fe593:0x99bc4f955589b529!8m2!3d-7.0848115!4d110.4180617!16s%2Fg%2F11g8cy6f7q!19sChIJk-UPCDGJcC4RKbWJVZVPvJk?authuser=0&hl=id&rclk=1,"4,8",(23),Padang,"WC89+36F, Jl. Empu Sendok Raya", ⋅ Tutup pukul 21.00,110.415419,110.415419
Mie Gacoan Banyumanik,https://lh5.googleusercontent.com/p/AF1QipMSF6oSGHrMXZB5rzj7RK2QHB1bFALa5uNzjm8=w122-h92-k-no,https://www.google.com/maps/place/Mie+Gacoan+Banyumanik/data=!4m7!3m6!1s0x2e708979c6fe49e9:0x578cc2b5d02532cd!8m2!3d-7.0651831!4d110.4154605!16s%2Fg%2F11pv8rx7v3!19sChIJ6Un-xnmJcC4RzTIl0LXCjFc?authuser=0&hl=id&rclk=1,"4,4",(1.167),Mi,Jl. Sukun Raya No.30, ⋅ Tutup pukul 22.00,110.415419,110.415419
Se'i Sapi Kana Tembalang Baru,https://lh5.googleusercontent.com/p/AF1QipPMdpRfj5nIw547ignql1NK5IMMYBX7RHLZq6ve=w197-h92-k-no,https://www.google.com/maps/place/Se%27i+Sapi+Kana+Tembalang+Baru/data=!4m7!3m6!1s0x2e708bf449a32d53:0x95c596dd5437ab9e!8m2!3d-7.0649914!4d110.4290168!16s%2Fg%2F11j8lywpf_!19sChIJUy2jSfSLcC4Rnqs3VN2WxZU?authuser=0&hl=id&rclk=1,"4,4",(719),Restoran,Jl. Durian Raya, ⋅ Tutup pukul 21.00,110.415419,110.415419
Ayam Kremes Nak Nan sumurboto banyumanik,https://lh5.googleusercontent.com/p/AF1QipOzN-1HBh7S7pRDU7fIAi4ZhkhRGNnYil1z0I6K=w189-h92-k-no,https://www.google.com/maps/place/Ayam+Kremes+Nak+Nan+sumurboto+banyumanik/data=!4m7!3m6!1s0x2e708ea98783f505:0xc44a27d759b2ba2c!8m2!3d-7.0517157!4d110.4268253!16s%2Fg%2F11hcw3y00v!19sChIJBfWDh6mOcC4RLLqyWdcnSsQ?authuser=0&hl=id&rclk=1,"4,5",(301),Ayam,Jl. Ngesrep Tim. V, ⋅ Tutup pukul 23.00,110.415419,110.415419
Warung Makan Arsa Nasi Megono,https://lh5.googleusercontent.com/p/AF1QipNIE7iEJ-TlmxIuw5w-8ysmz7b9me6z3q34gFqK=w163-h92-k-no,https://www.google.com/maps/place/Warung+Makan+Arsa+Nasi+Megono/data=!4m7!3m6!1s0x2e708950e511f769:0x65ada01f8a7f1b15!8m2!3d-7.0640767!4d110.416802!16s%2Fg%2F11g8xjn016!19sChIJafcR5VCJcC4RFRt_ih-grWU?authuser=0&hl=id&rclk=1,"4,9",(32),Restoran,Jl. Bina Remaja No.23, ⋅ Tutup pukul 19.00,110.415419,110.415419
Soto kudus ayam kampung,https://lh5.googleusercontent.com/p/AF1QipMV_rBaEQC2aRGWw154nNPmPoNEAqaMQs5cCSIL=w80-h142-k-no,https://www.google.com/maps/place/Soto+kudus+ayam+kampung/data=!4m7!3m6!1s0x2e70894d4894403d:0xf93e8ba2ada72aa0!8m2!3d-7.06937!4d110.4251628!16s%2Fg%2F11g8cnqp1c!19sChIJPUCUSE2JcC4RoCqnraKLPvk?authuser=0&hl=id&rclk=1,"4,7",(7),Soto Ayam,Jl. Tusam Raya No.L7, ⋅ Tutup pukul 20.00,110.415419,110.415419
Rumah Makan Masakan Padang,https://streetviewpixels-pa.googleapis.com/v1/thumbnail?panoid=qZA4W2iaOn1EUCVM3xFEwA&cb_client=search.gws-prod.gps&w=80&h=92&yaw=33.247486&pitch=0&thumbfov=100,https://www.google.com/maps/place/Rumah+Makan+Masakan+Padang/data=!4m7!3m6!1s0x2e70894c3615e951:0xd79db680f3e9178a!8m2!3d-7.06983!4d110.421666!16s%2Fg%2F1hm67gg2t!19sChIJUekVNkyJcC4Rihfp84C2ndc?authuser=0&hl=id&rclk=1,"3,9",(7),Padang,"WCJC+3M7, Jl. Jati Raya Banyumanik Semarang", ⋅ Tutup pukul 21.00,110.415419,110.415419
Ayam Bakar Artomoro Semarang,https://lh5.googleusercontent.com/p/AF1QipN2ILBNIbrPIaNrbk9VtlZjpazG50VNPtvIZokq=w122-h92-k-no,https://www.google.com/maps/place/Ayam+Bakar+Artomoro+Semarang/data=!4m7!3m6!1s0x2e708d7933e3cdd1:0x23a012437a001ac2!8m2!3d-7.053024!4d110.4293782!16s%2Fg%2F1hc192vw0!19sChIJ0c3jM3mNcC4RwhoAekMSoCM?authuser=0&hl=id&rclk=1,"4,4",(1.259),Ayam,"Jl. Ngesrep Tim. V No.107C, RW.4", ⋅ Tutup pukul 20.00,110.415419,110.415419
Bakso Bogem dan Mie Ayam Mas Tri Grafika,https://lh5.googleusercontent.com/p/AF1QipO6QE2NFDETlwbOPQq01AFA1_nFkBfNcUmaj8hM=w163-h92-k-no,https://www.google.com/maps/place/Bakso+Bogem+dan+Mie+Ayam+Mas+Tri+Grafika/data=!4m7!3m6!1s0x2e70891f76b68c3b:0x7a9dfbecd35b108d!8m2!3d-7.0812516!4d110.4203193!16s%2Fg%2F11j3s9qyrs!19sChIJO4y2dh-JcC4RjRBb0-z7nXo?authuser=0&hl=id&rclk=1,"4,5",(289),Rumah Makan,Jl. Grafika Raya No.95, ⋅ Tutup pukul 21.00,110.415419,110.415419
