Title,Image,URL,Rating,Num_Rating,Category,Address,Closed_Time
Warung Kang Bejo,https://lh5.googleusercontent.com/p/AF1QipMZrFEQ9u_pvmNCP-zyOoQe_z-YBRsxdYZWH6Ew=w122-h92-k-no,https://www.google.com/maps/place/Warung+Kang+Bejo/data=!4m7!3m6!1s0x2e708da84da74c35:0xa19e953af959e927!8m2!3d-7.0191022!4d110.4887906!16s%2Fg%2F11c5_7v62z!19sChIJNUynTaiNcC4RJ-lZ-TqVnqE?authuser=0&hl=id&rclk=1,"4,6",(1.403),Jawa Timur,Jl. Sarwo Edi Wibowo No.2, ⋅ 23.00 ⋅ Buka Kam pukul 12.00
Pondok Lalapan Mampir Dahar,https://lh5.googleusercontent.com/p/AF1QipOP3MSxgk_LSgVNvw6GUALoTCjt0d_RqwD-E2Un=w163-h92-k-no,https://www.google.com/maps/place/Pondok+Lalapan+Mampir+Dahar/data=!4m7!3m6!1s0x2e708cfcb28bc895:0x5b46fb01680477a6!8m2!3d-7.0038661!4d110.4687018!16s%2Fg%2F11c807h3wt!19sChIJlciLsvyMcC4RpncEaAH7Rls?authuser=0&hl=id&rclk=1,"4,3",(38),Rumah Makan,Jl. Palebon Raya Jl. Soekarno Hatta No.193B, ⋅ 23.00 ⋅ Buka Kam pukul 11.00
"KERANG ANGKRINGAN HEDON, PEDURUNGAN",https://lh5.googleusercontent.com/p/AF1QipMFa0eH80jukc0NDn0HTK7ffxqksGtR718JmXFk=w163-h92-k-no,"https://www.google.com/maps/place/KERANG+ANGKRINGAN+HEDON,+PEDURUNGAN/data=!4m7!3m6!1s0x2e708d75bfaab6db:0xdf492badee3d0a2!8m2!3d-7.0018092!4d110.471494!16s%2Fg%2F11s_z0m9fz!19sChIJ27aqv3WNcC4RotDj3rqS9A0?authuser=0&hl=id&rclk=1","5,0",(1),Hidangan Laut,Jl. Wolter Monginsidi No.8, ⋅ Tutup pukul 02.30
My Kopi,https://lh5.googleusercontent.com/p/AF1QipPEh9burN_h4aQcK4yYGa54xnpKEnmTwnC_0pUQ=w116-h92-k-no,https://www.google.com/maps/place/My+Kopi/data=!4m7!3m6!1s0x2e708cfc9448730f:0xe150c10d44e433cc!8m2!3d-7.0047862!4d110.4695589!16s%2Fg%2F11b7l2_1jm!19sChIJD3NIlPyMcC4RzDPkRA3BUOE?authuser=0&hl=id&rclk=1,"4,2",(1.745),Nasi Goreng,Jl. Soekarno Hatta No.71,
Lawoh Jowo by Kiky,https://lh5.googleusercontent.com/p/AF1QipMxF3zMBiEHKhG--Ghac_-tI1vy7KGblsUEe9uG=w129-h92-k-no,https://www.google.com/maps/place/Lawoh+Jowo+by+Kiky/data=!4m7!3m6!1s0x2e708d23e0e8b363:0xe02dd509de5c2965!8m2!3d-6.9993383!4d110.4777211!16s%2Fg%2F11hnm0gd02!19sChIJY7Po4CONcC4RZSlc3gnVLeA?authuser=0&hl=id&rclk=1,"4,7",(22),Restoran,,
Dapur Bersama RGI Semarang Pedurungan,https://lh5.googleusercontent.com/p/AF1QipOQ9Gw0bcrIx0n3M7laCpy_kWMP-jlOFurM4c_u=w92-h92-k-no,https://www.google.com/maps/place/Dapur+Bersama+RGI+Semarang+Pedurungan/data=!4m7!3m6!1s0x2e708d97662ff299:0x7ec92b48583afd5e!8m2!3d-7.0121238!4d110.4752284!16s%2Fg%2F11rlj48xxj!19sChIJmfIvZpeNcC4RXv06WEgryX4?authuser=0&hl=id&rclk=1,"4,2",(41),Restoran,Jl. Majapahit No.587,
FOOD'S EDGE,https://lh5.googleusercontent.com/p/AF1QipO_E2lszYSmyet6P2BV2M9NdoE4ef8oMCsJqp6v=w80-h100-k-no,https://www.google.com/maps/place/FOOD%27S+EDGE/data=!4m7!3m6!1s0x2e708dabceafd1f5:0x9bb70e0db56e7c8f!8m2!3d-7.0181099!4d110.475554!16s%2Fg%2F11h7d78cdd!19sChIJ9dGvzquNcC4Rj3xutQ0Ot5s?authuser=0&hl=id&rclk=1,"4,6",(71),Restoran,Jl. Kukilo Mukti Raya No.195,
Warung Tegal Bu Erni,https://lh5.googleusercontent.com/p/AF1QipNDe91270gOzIYZB34q107yFSkcpDbX2eXsAE1L=w163-h92-k-no,https://www.google.com/maps/place/Warung+Tegal+Bu+Erni/data=!4m7!3m6!1s0x2e708cfe6e647c0d:0x6f9a0c7c59d5c749!8m2!3d-7.0094704!4d110.4719546!16s%2Fg%2F11fy9p7njz!19sChIJDXxkbv6McC4RScfVWXwMmm8?authuser=0&hl=id&rclk=1,"4,7",(6),Jawa,Jl. Soekarno Hatta No.3,
Rumah Makan Rahayu,https://lh5.googleusercontent.com/p/AF1QipOG2rLTHNiiuXxynvHNqFBiC_cwrI2thjWz5HU=w184-h92-k-no,https://www.google.com/maps/place/Rumah+Makan+Rahayu/data=!4m7!3m6!1s0x2e708cedea729265:0xac4969ce8de2f4c!8m2!3d-7.0032443!4d110.4547437!16s%2Fg%2F11c0xcxxls!19sChIJZZJy6u2McC4RTC_e6JyWxAo?authuser=0&hl=id&rclk=1,"4,4",(1.424),Jawa Tengah,"Ruko Artha Mas No. 12U, Jl. Supriyadi, Kalicari, Pedurungan, Kalicari", ⋅ Buka Kam pukul 06.00
Kedai Korokeling,https://lh5.googleusercontent.com/p/AF1QipPqLUHxUhyar_v7W_cJDU_Vh36mvto7HSKOycQ=w122-h92-k-no,https://www.google.com/maps/place/Kedai+Korokeling/data=!4m7!3m6!1s0x2e708da9f96ddb91:0xbd304580c4835a63!8m2!3d-7.0136942!4d110.480194!16s%2Fg%2F11csb3fgfy!19sChIJkdtt-amNcC4RY1qDxIBFML0?authuser=0&hl=id&rclk=1,"4,4",(953),Hidangan Laut,Jl. Brigjen Sudiarto No.520, ⋅ Buka Kam pukul 11.00
Dapur Zea Pedurungan,https://lh5.googleusercontent.com/p/AF1QipOx3MCERruKC80DqTRDDTOe4kGdNjhmHmr5S5or=w80-h142-k-no,https://www.google.com/maps/place/Dapur+Zea+Pedurungan/data=!4m7!3m6!1s0x2e708d7ce74c74c1:0x7626f9faac003b53!8m2!3d-7.0077571!4d110.4750139!16s%2Fg%2F11lwl2p6_7!19sChIJwXRM53yNcC4RUzsArPr5JnY?authuser=0&hl=id&rclk=1,"5,0",(36),Restoran,"A330, Jl. Mahesa Mukti", ⋅ Buka Kam pukul 08.00
"WARUNG MAKAN ""MBAK SUSI"" PASAR PEDURUNGAN",https://streetviewpixels-pa.googleapis.com/v1/thumbnail?panoid=-tL9xHBOebSgHahhyNMJgQ&cb_client=search.gws-prod.gps&w=80&h=92&yaw=23.05688&pitch=0&thumbfov=100,https://www.google.com/maps/place/WARUNG+MAKAN+%22MBAK+SUSI%22+PASAR+PEDURUNGAN/data=!4m7!3m6!1s0x2e708c54eafac009:0xf770fd1902009016!8m2!3d-7.017452!4d110.472241!16s%2Fg%2F11df0sf6zr!19sChIJCcD66lSMcC4RFpAAAhn9cPc?authuser=0&hl=id&rclk=1,,,Jawa,"Jalan Fatmawati Kios Pasar Pedurungan lt2, Kel. Pedurungan Kidul, Kec. Pedurungan", ⋅ Buka Kam pukul 05.00
Ngikan Yuk Pedurungan,https://lh5.googleusercontent.com/p/AF1QipMSBsmZk6kHv9dFZ4JDc2r8XzWIHXSmwmcgnota=w122-h92-k-no,https://www.google.com/maps/place/Ngikan+Yuk+Pedurungan/data=!4m7!3m6!1s0x2e708d769477b35d:0xd1e8b076850757ae!8m2!3d-7.008623!4d110.4725817!16s%2Fg%2F11jfgvv0th!19sChIJXbN3lHaNcC4RrlcHhXaw6NE?authuser=0&hl=id&rclk=1,"4,2",(54),Restoran,Jl. Soekarno Hatta No.11, ⋅ Buka Kam pukul 11.30
Waroeng SamSet (Sambel Setan),https://lh5.googleusercontent.com/p/AF1QipPKGtwF4AikoTcgvKPEZLZ2esUyJGpSNI1nBAe_=w122-h92-k-no,https://www.google.com/maps/place/Waroeng+SamSet+%28Sambel+Setan%29/data=!4m7!3m6!1s0x2e708d1579b16751:0x7fccf612d0dcd88c!8m2!3d-7.0046354!4d110.4666258!16s%2Fg%2F11j0h_dv7x!19sChIJUWexeRWNcC4RjNjc0BL2zH8?authuser=0&hl=id&rclk=1,"3,8",(379),Rumah Makan,XFW8+4MR, ⋅ Buka Kam pukul 10.00
Pecel lele moro seneng pedurungan,https://streetviewpixels-pa.googleapis.com/v1/thumbnail?panoid=f9prsUE7dSHjTnMkoXwP5g&cb_client=search.gws-prod.gps&w=80&h=92&yaw=164.77568&pitch=0&thumbfov=100,https://www.google.com/maps/place/Pecel+lele+moro+seneng+pedurungan/data=!4m7!3m6!1s0x2e708de42920e9e1:0x7ce2cbf104b70073!8m2!3d-7.0068739!4d110.4766652!16s%2Fg%2F11k4k4yztq!19sChIJ4ekgKeSNcC4RcwC3BPHL4nw?authuser=0&hl=id&rclk=1,"5,0",(1),Nasi,Jl. Purwomukti Barat V No.Rt08/01,
Mie Ramor & Super Penyet,https://lh5.googleusercontent.com/p/AF1QipNLbfGSqo_YHRlPWQxEu8r86okgEgPUwHQAs3tr=w122-h92-k-no,https://www.google.com/maps/place/Mie+Ramor+%26+Super+Penyet/data=!4m7!3m6!1s0x2e708d21306756bb:0xc9067c4702eebc65!8m2!3d-7.0083997!4d110.4642453!16s%2Fg%2F11qyqd59rv!19sChIJu1ZnMCGNcC4RZbzuAkd8Bsk?authuser=0&hl=id&rclk=1,"4,5",(865),Mi,Jl. Brigjen Sudiarto No.324, ⋅ Buka Kam pukul 10.00
Rumah Makan Harapan Jaya majapahit,https://streetviewpixels-pa.googleapis.com/v1/thumbnail?panoid=3OJxJ4mKTWcK6aXqNwFT0g&cb_client=search.gws-prod.gps&w=80&h=92&yaw=197.131&pitch=0&thumbfov=100,https://www.google.com/maps/place/Rumah+Makan+Harapan+Jaya+majapahit/data=!4m7!3m6!1s0x2e708cf94dc27e67:0xf95f48f5b41b4f0a!8m2!3d-7.0097647!4d110.4668762!16s%2Fg%2F1pzyl1kk6!19sChIJZ37CTfmMcC4RCk8btPVIX_k?authuser=0&hl=id&rclk=1,"5,0",(2),Sesuai untuk keluarga,"XFR8+4Q6, Jl. Majapahit No.339", ⋅ Buka Kam pukul 10.00
Bakmi Lethek (Bakmi Resik) khas Bantul PEDURUNGAN,https://lh5.googleusercontent.com/p/AF1QipMpGgnq_GPHfqhnYFg61ZivdhzjWDDRYRcpZoVX=w163-h92-k-no,https://www.google.com/maps/place/Bakmi+Lethek+%28Bakmi+Resik%29+khas+Bantul+PEDURUNGAN/data=!4m7!3m6!1s0x2e708dc868198ed3:0x7731fb8d03040e9a!8m2!3d-7.0031523!4d110.4781975!16s%2Fg%2F11spl9_rpx!19sChIJ044ZaMiNcC4Rmg4EA437MXc?authuser=0&hl=id&rclk=1,"5,0",(2),Restoran,Jl. Wanara Tim. Ry No.1001,
Lombok Idjo Majapahit,https://lh5.googleusercontent.com/p/AF1QipNTpCwhi-PgEiF0WIGYakqSMp2FZHqad0CdG5j0=w184-h92-k-no,https://www.google.com/maps/place/Lombok+Idjo+Majapahit/data=!4m7!3m6!1s0x2e708cfc2a412a23:0x3c0972c3126211c1!8m2!3d-7.0099017!4d110.4696315!16s%2Fg%2F11ddzqklf1!19sChIJIypBKvyMcC4RwRFiEsNyCTw?authuser=0&hl=id&rclk=1,"4,4",(3.872),Jawa,Jl. Majapahit No.412, ⋅ Buka Kam pukul 11.00
Warung Makan Yu Siti,https://streetviewpixels-pa.googleapis.com/v1/thumbnail?panoid=OitOjdWXRH2kunwrMq2Uzw&cb_client=search.gws-prod.gps&w=80&h=92&yaw=9.7752495&pitch=0&thumbfov=100,https://www.google.com/maps/place/Warung+Makan+Yu+Siti/data=!4m7!3m6!1s0x2e708d01e9173673:0xd52dc82fb4ec64bb!8m2!3d-7.009657!4d110.4755732!16s%2Fg%2F11d_9gyp4l!19sChIJczYX6QGNcC4Ru2TstC_ILdU?authuser=0&hl=id&rclk=1,"3,6",(5),Jawa,Jl. Pedurungan Tengah IV No.57, ⋅ Buka Kam pukul 07.00
Rumah Makan Rahayu,https://lh5.googleusercontent.com/p/AF1QipOG2rLTHNiiuXxynvHNqFBiC_cwrI2thjWz5HU=w184-h92-k-no,https://www.google.com/maps/place/Rumah+Makan+Rahayu/data=!4m7!3m6!1s0x2e708cedea729265:0xac4969ce8de2f4c!8m2!3d-7.0032443!4d110.4547437!16s%2Fg%2F11c0xcxxls!19sChIJZZJy6u2McC4RTC_e6JyWxAo?authuser=0&hl=id&rclk=1,"4,4",(1.424),Jawa Tengah,"Ruko Artha Mas No. 12U, Jl. Supriyadi, Kalicari, Pedurungan, Kalicari", ⋅ Buka Kam pukul 06.00
McDonald's Majapahit Semarang,https://lh5.googleusercontent.com/p/AF1QipNYhxBqynXtvuNZq6uab0CLcNcLExR0NyQ-AMks=w122-h92-k-no,https://www.google.com/maps/place/McDonald%27s+Majapahit+Semarang/data=!4m7!3m6!1s0x2e708cfa2cc55eb5:0x1f3ca65d0868d8d6!8m2!3d-7.008477!4d110.4649129!16s%2Fg%2F11b7g30p6z!19sChIJtV7FLPqMcC4R1thoCF2mPB8?authuser=0&hl=id&rclk=1,"4,5",(11.180),Makanan Siap Saji,Jl. Brigjen Sudiarto No.326 B-C,
Bakaran De Aise,https://streetviewpixels-pa.googleapis.com/v1/thumbnail?panoid=j9WYFLqnu7UEAXfes00tVw&cb_client=search.gws-prod.gps&w=80&h=92&yaw=36.979137&pitch=0&thumbfov=100,https://www.google.com/maps/place/Bakaran+De+Aise/data=!4m7!3m6!1s0x2e708d790800bf7b:0xe34169e5ae43e6ea!8m2!3d-6.9820876!4d110.4538091!16s%2Fg%2F11t771pm5s!19sChIJe78ACHmNcC4R6uZDruVpQeM?authuser=0&hl=id&rclk=1,,,Hidangan Laut,2F93+5G6, ⋅ Tutup pukul 00.00
Lontong Tahu Gimbal Pak Sentet BLORA,https://lh5.googleusercontent.com/p/AF1QipM5jSFxPneU6cTP3eh0LLeDl8-oQcNBQRjJytUW=w184-h92-k-no,https://www.google.com/maps/place/Lontong+Tahu+Gimbal+Pak+Sentet+BLORA/data=!4m7!3m6!1s0x2e708d002aa7c4fd:0x775ff98f483790d8!8m2!3d-7.0111673!4d110.4738892!16s%2Fg%2F11c5xn9bhc!19sChIJ_cSnKgCNcC4R2JA3SI_5X3c?authuser=0&hl=id&rclk=1,"4,6",(218),Rumah Makan,Jl. Majapahit No.426, ⋅ 23.00 ⋅ Buka Kam pukul 17.00
Rumah Makan Padang Dua Minang,https://lh5.googleusercontent.com/p/AF1QipMn-TelngEWLnixniEerPHHIIut6S5JelyE6gh3=w122-h92-k-no,https://www.google.com/maps/place/Rumah+Makan+Padang+Dua+Minang/data=!4m7!3m6!1s0x2e708cfe58092ab1:0xeae06b7c5a27c309!8m2!3d-7.010791!4d110.470798!16s%2Fg%2F1hm3ptvks!19sChIJsSoJWP6McC4RCcMnWnxr4Oo?authuser=0&hl=id&rclk=1,"4,5",(1.107),Padang,Jl. Majapahit Nomer No.648,
Warung Makan Atania 2,https://lh5.googleusercontent.com/p/AF1QipPJxFFvKfMPXTe3Z3CBs3PzODRxrDoSgbQ5JLC2=w80-h142-k-no,https://www.google.com/maps/place/Warung+Makan+Atania+2/data=!4m7!3m6!1s0x2e708cce1510b3cf:0x6e60d34876bb068d!8m2!3d-6.9797193!4d110.4605793!16s%2Fg%2F11f01tcq8y!19sChIJz7MQFc6McC4RjQa7dkjTYG4?authuser=0&hl=id&rclk=1,"4,4",(8),Jawa,Jl. Tlogosari Raya 1 No.69,
Kedai Korokeling,https://lh5.googleusercontent.com/p/AF1QipPqLUHxUhyar_v7W_cJDU_Vh36mvto7HSKOycQ=w122-h92-k-no,https://www.google.com/maps/place/Kedai+Korokeling/data=!4m7!3m6!1s0x2e708da9f96ddb91:0xbd304580c4835a63!8m2!3d-7.0136942!4d110.480194!16s%2Fg%2F11csb3fgfy!19sChIJkdtt-amNcC4RY1qDxIBFML0?authuser=0&hl=id&rclk=1,"4,4",(953),Hidangan Laut,Jl. Brigjen Sudiarto No.520, ⋅ Buka Kam pukul 11.00
Ayam Geprek Judezz 07,https://lh5.googleusercontent.com/p/AF1QipPkhjMhdDysTRrJY5GPo8cjh_4d8yx8-PIPgpEA=w163-h92-k-no,https://www.google.com/maps/place/Ayam+Geprek+Judezz+07/data=!4m7!3m6!1s0x2e708d37976c016d:0xed626b2fba218363!8m2!3d-7.0057797!4d110.4722681!16s%2Fg%2F11hfgvpcdp!19sChIJbQFslzeNcC4RY4Mhui9rYu0?authuser=0&hl=id&rclk=1,"4,9",(10),Ayam,Jl. Pedurungan Tengah V B No.7, ⋅ 23.00 ⋅ Buka Kam pukul 10.00
Bakmi Jowo & Nasi Goreng Mas Alex,https://lh5.googleusercontent.com/p/AF1QipPz5Y0HZLEI1hyMRAJAoxx0xEoAZf1UtHq04hQC=w122-h92-k-no,https://www.google.com/maps/place/Bakmi+Jowo+%26+Nasi+Goreng+Mas+Alex/data=!4m7!3m6!1s0x2e708d28865577ed:0x3aad496519369618!8m2!3d-6.9963658!4d110.4728837!16s%2Fg%2F1pzwshzrp!19sChIJ7XdVhiiNcC4RGJY2GWVJrTo?authuser=0&hl=id&rclk=1,"4,4",(438),Nasi Goreng,"2F3F+F52, Jl. Wolter Monginsidi, RT.006/RW.004", ⋅ Tutup pukul 01.00
Burjo Mekar Sari,https://lh5.googleusercontent.com/p/AF1QipNPgBmU3FXgsNLiSb48RTAFjHi3XW1CdMUBMsAE=w80-h106-k-no,https://www.google.com/maps/place/Burjo+Mekar+Sari/data=!4m7!3m6!1s0x2e708cfde13a200f:0xd682dd52962cd8bb!8m2!3d-7.0083942!4d110.4726424!16s%2Fg%2F11bzrpgqw2!19sChIJDyA64f2McC4Ru9gsllLdgtY?authuser=0&hl=id&rclk=1,"4,8",(39),Rumah Makan,"XFRF+J3R, Jl. Soekarno Hatta", ⋅ Tutup pukul 00.00
Bakso mercon Mas HAR,https://lh5.googleusercontent.com/p/AF1QipN4nzsuJrPenQr3gBKcHBxVwlOPWO1WtGufUklf=w122-h92-k-no,https://www.google.com/maps/place/Bakso+mercon+Mas+HAR/data=!4m7!3m6!1s0x2e708d0ff818e357:0x18154d241e832437!8m2!3d-7.003584!4d110.4858149!16s%2Fg%2F11f48m_bv3!19sChIJV-MY-A-NcC4RNySDHiRNFRg?authuser=0&hl=id&rclk=1,"4,6",(38),Bakso,XFWP+H88, ⋅ Tutup Kam pukul 09.00
Mie Jowo,https://lh5.googleusercontent.com/p/AF1QipPc3CjVvZipfMV7y7YEylM3Ct08GY1sB_z3_gA=w80-h106-k-no,https://www.google.com/maps/place/Mie+Jowo/data=!4m7!3m6!1s0x2e708ce8769d318b:0xbb5153993f7f485e!8m2!3d-7.0061977!4d110.4711805!16s%2Fg%2F11f03nbvcr!19sChIJizGdduiMcC4RXkh_P5lTUbs?authuser=0&hl=id&rclk=1,"4,7",(10),Mi,"Jalan Soekarno HattaNo.mor 12 A, Pedurungan Tengah, Pedurungan", ⋅ Tutup pukul 00.00
Dapur Zea Pedurungan,https://lh5.googleusercontent.com/p/AF1QipOx3MCERruKC80DqTRDDTOe4kGdNjhmHmr5S5or=w80-h142-k-no,https://www.google.com/maps/place/Dapur+Zea+Pedurungan/data=!4m7!3m6!1s0x2e708d7ce74c74c1:0x7626f9faac003b53!8m2!3d-7.0077571!4d110.4750139!16s%2Fg%2F11lwl2p6_7!19sChIJwXRM53yNcC4RUzsArPr5JnY?authuser=0&hl=id&rclk=1,"5,0",(36),Restoran,"A330, Jl. Mahesa Mukti", ⋅ Buka Kam pukul 08.00
Nasi Goreng Gila Barokah,https://lh5.googleusercontent.com/p/AF1QipPkMK-084dvwo69Ui9QvVQ5fgJm_0St1l14SlkH=w80-h160-k-no,https://www.google.com/maps/place/Nasi+Goreng+Gila+Barokah/data=!4m7!3m6!1s0x2e708df197aab977:0x9accf2f836f8db6e!8m2!3d-6.9991073!4d110.4644529!16s%2Fg%2F11k0ksdlzk!19sChIJd7mql_GNcC4Rbtv4NvjyzJo?authuser=0&hl=id&rclk=1,"4,5",(2),Nasi Goreng,Jl. Tlogo Sarangan I No.1, ⋅ 23.30 ⋅ Buka Kam pukul 17.00
Bakmi Jowo Pak Di,https://lh5.googleusercontent.com/p/AF1QipN8APTFweEEYdGSY72-dQVbDy-J53SdbcS27Sjz=w122-h92-k-no,https://www.google.com/maps/place/Bakmi+Jowo+Pak+Di/data=!4m7!3m6!1s0x2e708c5518f33601:0xb44400559816bcb0!8m2!3d-7.0158519!4d110.4722919!16s%2Fg%2F11c80br7j8!19sChIJATbzGFWMcC4RsLwWmFUARLQ?authuser=0&hl=id&rclk=1,"4,4",(8),Mi,Jl. Fatmawati No.84, ⋅ Tutup pukul 00.00
Warteg Citarasa Son Haji,https://lh5.googleusercontent.com/p/AF1QipOCOMFRfcMEdEyxqx7nPncAHQGTZjf-kEgJLiT6=w80-h106-k-no,https://www.google.com/maps/place/Warteg+Citarasa+Son+Haji/data=!4m7!3m6!1s0x2e708cfe456d3cdf:0xf82e502dc8a15f03!8m2!3d-7.0093384!4d110.472365!16s%2Fg%2F11gbxc06lp!19sChIJ3zxtRf6McC4RA1-hyC1QLvg?authuser=0&hl=id&rclk=1,"4,6",(217),Tegal,Jl. Soekarno Hatta No.3,
WARTEG CITA RASA 24 JAM NON STOP,https://lh5.googleusercontent.com/p/AF1QipMJrtfKnNBpdW0_aLbRN6turtzGKuXmuRPba3mB=w80-h106-k-no,https://www.google.com/maps/place/WARTEG+CITA+RASA+24+JAM+NON+STOP/data=!4m7!3m6!1s0x2e708d0602a89e4d:0xc0b06f6a743356ed!8m2!3d-7.0177229!4d110.4752855!16s%2Fg%2F11j31x0pzy!19sChIJTZ6oAgaNcC4R7VYzdGpvsMA?authuser=0&hl=id&rclk=1,"4,3",(23),Tegal,Jl. Sapta Prasetya Raya,
Warung Nasi Pedurungan,https://lh5.googleusercontent.com/p/AF1QipPmF5XZQeISI1i1HjRf71B7UmnA9DlWHT6bmnh4=w80-h142-k-no,https://www.google.com/maps/place/Warung+Nasi+Pedurungan/data=!4m7!3m6!1s0x2e708d696e14741f:0x6636a14c0db21412!8m2!3d-7.0080162!4d110.4764201!16s%2Fg%2F11h_7605s3!19sChIJH3QUbmmNcC4REhSyDUyhNmY?authuser=0&hl=id&rclk=1,"5,0",(1),Kafe,XFRG+QHV, ⋅ Tutup Kam pukul 21.00
RM. TAMBAK BANDENG,https://lh5.googleusercontent.com/p/AF1QipMXopXoaX4LGb-mUL7iG2oBLOWQIdMMRZ7guC2C=w80-h102-k-no,https://www.google.com/maps/place/RM.+TAMBAK+BANDENG/data=!4m7!3m6!1s0x2e708dda5c219e39:0x7cd314083d4d82c8!8m2!3d-6.998964!4d110.4755414!16s%2Fg%2F11gxnrdt2x!19sChIJOZ4hXNqNcC4RyIJNPQgU03w?authuser=0&hl=id&rclk=1,"4,6",(5),Rumah Makan,"Permata wolter monginsidi permai no.108. rt.4 rw. 11, Kelurahan Pedurungan tengah, kec:",
Burger King Majapahit,https://lh5.googleusercontent.com/p/AF1QipMboQJvlonHekz6jUcGUJPFNP3T4QR7mFRsMxu9=w122-h92-k-no,https://www.google.com/maps/place/Burger+King+Majapahit/data=!4m7!3m6!1s0x2e708b28d92b0a03:0xdc7d610c5b5d5e2d!8m2!3d-7.0062132!4d110.4569118!16s%2Fg%2F11hf1nrnj6!19sChIJAwor2SiLcC4RLV5dWwxhfdw?authuser=0&hl=id&rclk=1,"4,6",(5.693),Makanan Siap Saji,Jl. Majapahit No.284,
Burger King Majapahit,https://lh5.googleusercontent.com/p/AF1QipMboQJvlonHekz6jUcGUJPFNP3T4QR7mFRsMxu9=w122-h92-k-no,https://www.google.com/maps/place/Burger+King+Majapahit/data=!4m7!3m6!1s0x2e708b28d92b0a03:0xdc7d610c5b5d5e2d!8m2!3d-7.0062132!4d110.4569118!16s%2Fg%2F11hf1nrnj6!19sChIJAwor2SiLcC4RLV5dWwxhfdw?authuser=0&hl=id&rclk=1,"4,6",(5.693),Makanan Siap Saji,Jl. Majapahit No.284,
"WARUNG MAKAN ""MBAK SUSI"" PASAR PEDURUNGAN",https://streetviewpixels-pa.googleapis.com/v1/thumbnail?panoid=-tL9xHBOebSgHahhyNMJgQ&cb_client=search.gws-prod.gps&w=80&h=92&yaw=23.05688&pitch=0&thumbfov=100,https://www.google.com/maps/place/WARUNG+MAKAN+%22MBAK+SUSI%22+PASAR+PEDURUNGAN/data=!4m7!3m6!1s0x2e708c54eafac009:0xf770fd1902009016!8m2!3d-7.017452!4d110.472241!16s%2Fg%2F11df0sf6zr!19sChIJCcD66lSMcC4RFpAAAhn9cPc?authuser=0&hl=id&rclk=1,,,Jawa,"Jalan Fatmawati Kios Pasar Pedurungan lt2, Kel. Pedurungan Kidul, Kec. Pedurungan", ⋅ Buka Kam pukul 05.00
Ngikan Yuk Pedurungan,https://lh5.googleusercontent.com/p/AF1QipMSBsmZk6kHv9dFZ4JDc2r8XzWIHXSmwmcgnota=w122-h92-k-no,https://www.google.com/maps/place/Ngikan+Yuk+Pedurungan/data=!4m7!3m6!1s0x2e708d769477b35d:0xd1e8b076850757ae!8m2!3d-7.008623!4d110.4725817!16s%2Fg%2F11jfgvv0th!19sChIJXbN3lHaNcC4RrlcHhXaw6NE?authuser=0&hl=id&rclk=1,"4,2",(54),Restoran,Jl. Soekarno Hatta No.11, ⋅ Buka Kam pukul 11.30
Waroeng SamSet (Sambel Setan),https://lh5.googleusercontent.com/p/AF1QipPKGtwF4AikoTcgvKPEZLZ2esUyJGpSNI1nBAe_=w122-h92-k-no,https://www.google.com/maps/place/Waroeng+SamSet+%28Sambel+Setan%29/data=!4m7!3m6!1s0x2e708d1579b16751:0x7fccf612d0dcd88c!8m2!3d-7.0046354!4d110.4666258!16s%2Fg%2F11j0h_dv7x!19sChIJUWexeRWNcC4RjNjc0BL2zH8?authuser=0&hl=id&rclk=1,"3,8",(379),Rumah Makan,XFW8+4MR, ⋅ Buka Kam pukul 10.00
Mie Ramor & Super Penyet,https://lh5.googleusercontent.com/p/AF1QipNLbfGSqo_YHRlPWQxEu8r86okgEgPUwHQAs3tr=w122-h92-k-no,https://www.google.com/maps/place/Mie+Ramor+%26+Super+Penyet/data=!4m7!3m6!1s0x2e708d21306756bb:0xc9067c4702eebc65!8m2!3d-7.0083997!4d110.4642453!16s%2Fg%2F11qyqd59rv!19sChIJu1ZnMCGNcC4RZbzuAkd8Bsk?authuser=0&hl=id&rclk=1,"4,5",(865),Mi,Jl. Brigjen Sudiarto No.324, ⋅ Buka Kam pukul 10.00
Rumah Makan Harapan Jaya majapahit,https://streetviewpixels-pa.googleapis.com/v1/thumbnail?panoid=3OJxJ4mKTWcK6aXqNwFT0g&cb_client=search.gws-prod.gps&w=80&h=92&yaw=197.131&pitch=0&thumbfov=100,https://www.google.com/maps/place/Rumah+Makan+Harapan+Jaya+majapahit/data=!4m7!3m6!1s0x2e708cf94dc27e67:0xf95f48f5b41b4f0a!8m2!3d-7.0097647!4d110.4668762!16s%2Fg%2F1pzyl1kk6!19sChIJZ37CTfmMcC4RCk8btPVIX_k?authuser=0&hl=id&rclk=1,"5,0",(2),Sesuai untuk keluarga,"XFR8+4Q6, Jl. Majapahit No.339", ⋅ Buka Kam pukul 10.00
Pecel lele moro seneng pedurungan,https://streetviewpixels-pa.googleapis.com/v1/thumbnail?panoid=f9prsUE7dSHjTnMkoXwP5g&cb_client=search.gws-prod.gps&w=80&h=92&yaw=164.77568&pitch=0&thumbfov=100,https://www.google.com/maps/place/Pecel+lele+moro+seneng+pedurungan/data=!4m7!3m6!1s0x2e708de42920e9e1:0x7ce2cbf104b70073!8m2!3d-7.0068739!4d110.4766652!16s%2Fg%2F11k4k4yztq!19sChIJ4ekgKeSNcC4RcwC3BPHL4nw?authuser=0&hl=id&rclk=1,"5,0",(1),Nasi,Jl. Purwomukti Barat V No.Rt08/01,
Bakmi Lethek (Bakmi Resik) khas Bantul PEDURUNGAN,https://lh5.googleusercontent.com/p/AF1QipMpGgnq_GPHfqhnYFg61ZivdhzjWDDRYRcpZoVX=w163-h92-k-no,https://www.google.com/maps/place/Bakmi+Lethek+%28Bakmi+Resik%29+khas+Bantul+PEDURUNGAN/data=!4m7!3m6!1s0x2e708dc868198ed3:0x7731fb8d03040e9a!8m2!3d-7.0031523!4d110.4781975!16s%2Fg%2F11spl9_rpx!19sChIJ044ZaMiNcC4Rmg4EA437MXc?authuser=0&hl=id&rclk=1,"5,0",(2),Restoran,Jl. Wanara Tim. Ry No.1001,
Lombok Idjo Majapahit,https://lh5.googleusercontent.com/p/AF1QipNTpCwhi-PgEiF0WIGYakqSMp2FZHqad0CdG5j0=w184-h92-k-no,https://www.google.com/maps/place/Lombok+Idjo+Majapahit/data=!4m7!3m6!1s0x2e708cfc2a412a23:0x3c0972c3126211c1!8m2!3d-7.0099017!4d110.4696315!16s%2Fg%2F11ddzqklf1!19sChIJIypBKvyMcC4RwRFiEsNyCTw?authuser=0&hl=id&rclk=1,"4,4",(3.872),Jawa,Jl. Majapahit No.412, ⋅ Buka Kam pukul 11.00
Warung Makan Sederhana Yu Mar,https://streetviewpixels-pa.googleapis.com/v1/thumbnail?panoid=uk0DOkB0EHFVISjPsFqCMw&cb_client=search.gws-prod.gps&w=80&h=92&yaw=16.624317&pitch=0&thumbfov=100,https://www.google.com/maps/place/Warung+Makan+Sederhana+Yu+Mar/data=!4m7!3m6!1s0x2e708c54ee7a36cf:0x5a4e78eb73cecb59!8m2!3d-7.0171767!4d110.4717536!16s%2Fg%2F11gb9sn5jv!19sChIJzzZ67lSMcC4RWcvOc-t4Tlo?authuser=0&hl=id&rclk=1,"5,0",(2),Jawa,"XFMC+4PC, Jalan Karanglo Raya, Pedurungan Kidul, Pedurungan", ⋅ Buka Kam pukul 05.00
Warung Makan Yu Siti,https://streetviewpixels-pa.googleapis.com/v1/thumbnail?panoid=OitOjdWXRH2kunwrMq2Uzw&cb_client=search.gws-prod.gps&w=80&h=92&yaw=9.7752495&pitch=0&thumbfov=100,https://www.google.com/maps/place/Warung+Makan+Yu+Siti/data=!4m7!3m6!1s0x2e708d01e9173673:0xd52dc82fb4ec64bb!8m2!3d-7.009657!4d110.4755732!16s%2Fg%2F11d_9gyp4l!19sChIJczYX6QGNcC4Ru2TstC_ILdU?authuser=0&hl=id&rclk=1,"3,6",(5),Jawa,Jl. Pedurungan Tengah IV No.57, ⋅ Buka Kam pukul 07.00
Warung makan bu parti,https://streetviewpixels-pa.googleapis.com/v1/thumbnail?panoid=imr05QNUIAHtZxOLaSmcZg&cb_client=search.gws-prod.gps&w=80&h=92&yaw=116.22716&pitch=0&thumbfov=100,https://www.google.com/maps/place/Warung+makan+bu+parti/data=!4m7!3m6!1s0x2e708c54eba48d3d:0x80615b3a5890e1e8!8m2!3d-7.01739!4d110.472136!16s%2Fg%2F11f0kvbcng!19sChIJPY2k61SMcC4R6OGQWDpbYYA?authuser=0&hl=id&rclk=1,,,Jawa,"XFMC+2VR, Pasar pedurungan, Jalan Fatmawati, Pedurungan kidul", ⋅ Buka Kam pukul 07.00
Gemah Pedurungan Semarang,https://streetviewpixels-pa.googleapis.com/v1/thumbnail?panoid=gosp9pB131MXHJTc0_H46A&cb_client=search.gws-prod.gps&w=80&h=92&yaw=162.09288&pitch=0&thumbfov=100,https://www.google.com/maps/place/Gemah+Pedurungan+Semarang/data=!4m7!3m6!1s0x2e708de273af20e9:0xa06d805b69057efa!8m2!3d-7.011291!4d110.4668885!16s%2Fg%2F11kb2y9dvs!19sChIJ6SCvc-KNcC4R-n4FaVuAbaA?authuser=0&hl=id&rclk=1,,,Brunch,Jl. Gemah Raya No.6,
Warung Makan Sederhana,https://streetviewpixels-pa.googleapis.com/v1/thumbnail?panoid=RT3cKQWEQHbIPP59lGy0uA&cb_client=search.gws-prod.gps&w=80&h=92&yaw=254.24298&pitch=0&thumbfov=100,https://www.google.com/maps/place/Warung+Makan+Sederhana/data=!4m7!3m6!1s0x2e708d01b865e737:0xbc47c49e694e41d8!8m2!3d-7.0091211!4d110.4757123!16s%2Fg%2F11f13070v5!19sChIJN-dluAGNcC4R2EFOaZ7ER7w?authuser=0&hl=id&rclk=1,"4,0",(9),Jawa,Jalan Pedurungan Tengah 12 Nomer 9 B, ⋅ Buka Kam pukul 09.00
warung mie ayam bakso pak yono,https://lh5.googleusercontent.com/p/AF1QipOgge5LYHe5Vjzk17LXvDJgU8jiTZPTxXmkp8fY=w80-h106-k-no,https://www.google.com/maps/place/warung+mie+ayam+bakso+pak+yono/data=!4m7!3m6!1s0x2e708d1302a5961d:0x6c1609f71c32ace6!8m2!3d-6.9978455!4d110.4792311!16s%2Fg%2F11qndjl3qh!19sChIJHZalAhONcC4R5qwyHPcJFmw?authuser=0&hl=id&rclk=1,"4,6",(46),Restoran,"2F2H+VM9, Jl. Taman Tlogomulyo", ⋅ Buka Kam pukul 09.00
Warung Makan Ibu Harnanik,https://lh5.googleusercontent.com/p/AF1QipO9mRyXASNpmT6KBpcAqvPR3JvaJATPAYe4AkJF=w122-h92-k-no,https://www.google.com/maps/place/Warung+Makan+Ibu+Harnanik/data=!4m7!3m6!1s0x2e708d1cb2b00b8b:0xfd28e0a75f43163c!8m2!3d-7.0084231!4d110.476088!16s%2Fg%2F11p5frg_md!19sChIJiwuwshyNcC4RPBZDX6fgKP0?authuser=0&hl=id&rclk=1,,,Brunch,Jl. Pedurungan Tengah 12 No.25, ⋅ Buka Kam pukul 06.00
Resto Akmalia,https://lh5.googleusercontent.com/p/AF1QipN4c8yXbvETdQMla20vNFegOC7I0m1jDUBubu1U=w80-h106-k-no,https://www.google.com/maps/place/Resto+Akmalia/data=!4m7!3m6!1s0x2e708d0841b6b21f:0xb6552730dbbed3b1!8m2!3d-7.0108103!4d110.4874417!16s%2Fg%2F11dfqxvxfl!19sChIJH7K2QQiNcC4RsdO-2zAnVbY?authuser=0&hl=id&rclk=1,"4,1",(17),Rumah Makan,"Jl. KH. Thohir, RT.2/RW.5", ⋅ Buka Kam pukul 08.00
Warung Makan Lestari,https://lh5.googleusercontent.com/p/AF1QipP5ob-Svh01UVJzNUsSPZXrqomxxRQbbbvLIBpu=w80-h129-k-no,https://www.google.com/maps/place/Warung+Makan+Lestari/data=!4m7!3m6!1s0x2e708d98779f8525:0x674b898099125a4a!8m2!3d-7.0110242!4d110.4732313!16s%2Fg%2F11bz_3sth2!19sChIJJYWfd5iNcC4RSloSmYCJS2c?authuser=0&hl=id&rclk=1,"4,6",(5),Jawa,Jl. Majapahit No.448, ⋅ Buka Kam pukul 09.00
Bebek Majapahit H. Amin,https://lh5.googleusercontent.com/p/AF1QipNVSrvORh86d210zXwbpoz9J1OHbgdow7xm6Ew8=w80-h106-k-no,https://www.google.com/maps/place/Bebek+Majapahit+H.+Amin/data=!4m7!3m6!1s0x2e708d69f9d6b105:0x2fe3c97af5da994a!8m2!3d-7.0081783!4d110.4631653!16s%2Fg%2F11m0r_wkmw!19sChIJBbHW-WmNcC4RSpna9XrJ4y8?authuser=0&hl=id&rclk=1,"5,0",(3),Restoran,"Super Penyet, Jalan Majapahit No. 318 Pedurungan Sebelah timur Optik Monalisa, sebelah barat", ⋅ Buka Kam pukul 10.00
Warung Makan Supiah,https://lh5.googleusercontent.com/p/AF1QipMbsnrfP5Z9SGwzEilBaXxGmPiR1XcySeNuBJrS=w88-h92-k-no,https://www.google.com/maps/place/Warung+Makan+Supiah/data=!4m7!3m6!1s0x2e708d0f22faba3b:0xfbc118b0c6768615!8m2!3d-7.0068137!4d110.4881574!16s%2Fg%2F11c37n4q8q!19sChIJO7r6Ig-NcC4RFYZ2xrAYwfs?authuser=0&hl=id&rclk=1,"4,2",(30),Jawa,XFVQ+77F, ⋅ Buka Kam pukul 07.00
Taman Kuliner Malangsari,https://lh5.googleusercontent.com/p/AF1QipPiFN4CFBNWKMQ-D6jD3UKp7Yb2b95YrAp8JwOK=w163-h92-k-no,https://www.google.com/maps/place/Taman+Kuliner+Malangsari/data=!4m7!3m6!1s0x2e708cc8face078f:0x1a0ecde6981b25eb!8m2!3d-6.9820835!4d110.4536923!16s%2Fg%2F11bzrpb8r9!19sChIJjwfO-siMcC4R6yUbmObNDho?authuser=0&hl=id&rclk=1,"4,7",(64),Restoran,Jl. Malangsari, ⋅ Buka Kam pukul 09.00
Geprek Pedurungan 1606,https://lh5.googleusercontent.com/p/AF1QipMY4kX350Nn5VUXCn7mLPY-GSjVF2gCU6J-LBIQ=w92-h92-k-no,https://www.google.com/maps/place/Geprek+Pedurungan+1606/data=!4m7!3m6!1s0x2e708d06981d656f:0x5b82890ffa517e63!8m2!3d-6.9967342!4d110.4588185!16s%2Fg%2F11j1sqbh_f!19sChIJb2UdmAaNcC4RY35R-g-Jgls?authuser=0&hl=id&rclk=1,"5,0",(1),Restoran,2F35+8G4,
Nasi Bebek & Ayam Goreng Khas Madura & Soto,https://lh5.googleusercontent.com/p/AF1QipNCjyjNNCT4iYmrf-JZW-IxQnx7dOx-b2w4D_o=w140-h92-k-no,https://www.google.com/maps/place/Nasi+Bebek+%26+Ayam+Goreng+Khas+Madura+%26+Soto/data=!4m7!3m6!1s0x2e708d56ac70bb17:0xd9aa672ab22f7b74!8m2!3d-6.9972245!4d110.476756!16s%2Fg%2F11fp4_d3h0!19sChIJF7twrFaNcC4RdHsvsipnqtk?authuser=0&hl=id&rclk=1,"4,8",(4),Restoran,Jl. Taman Tlogomulyo No.50, ⋅ Buka Kam pukul 10.00
Warung Lesehan Berkah 2,https://lh5.googleusercontent.com/p/AF1QipNkB6zeb4X5n0oXKe_kwcdK7tdeW0SQdsuGTmbk=w102-h92-k-no,https://www.google.com/maps/place/Warung+Lesehan+Berkah+2/data=!4m7!3m6!1s0x2e708ce308fefa2b:0x2083d68b80ec0c26!8m2!3d-7.001338!4d110.469979!16s%2Fg%2F11d_8glj1f!19sChIJK_r-COOMcC4RJgzsgIvWgyA?authuser=0&hl=id&rclk=1,"4,5",(6),Jawa,"XFX9+FX9, Jalan Merpati Dalam, Pedurungan Tengah, Pedurungan", ⋅ Buka Kam pukul 12.00
Sate Ayam Pedurungan Bu Ida (Asli Madura),https://lh5.googleusercontent.com/p/AF1QipPGoVSbL6G7ulPgep2Y4QH_kPZ4L_Z-yoNMmUS4=w122-h92-k-no,https://www.google.com/maps/place/Sate+Ayam+Pedurungan+Bu+Ida+%28Asli+Madura%29/data=!4m7!3m6!1s0x2e708dc05f9de20d:0x2f6cf6724a72fc1e!8m2!3d-7.0112637!4d110.4741734!16s%2Fg%2F11j7gcth8h!19sChIJDeKdX8CNcC4RHvxySnL2bC8?authuser=0&hl=id&rclk=1,"4,9",(14),Sate,Jl. Majapahit, ⋅ Buka Kam pukul 16.30
Bebek Goreng Mbak Ririn,https://lh5.googleusercontent.com/p/AF1QipPg6yDIrEjzPfdEvZW7XgokvUpv3Oxp7EPz587e=w122-h92-k-no,https://www.google.com/maps/place/Bebek+Goreng+Mbak+Ririn/data=!4m7!3m6!1s0x2e708cfcc8ef81ff:0x17707862c3a6d2c8!8m2!3d-7.0043537!4d110.469614!16s%2Fg%2F11c2nnldjn!19sChIJ_4HvyPyMcC4RyNKmw2J4cBc?authuser=0&hl=id&rclk=1,"4,6",(503),Ayam,"Jalan Soekarno Hatta No. 45A, Central Pedurungan, Pedurungan", ⋅ Buka Kam pukul 11.30
"Ayam haliwu, Pedurungan",https://streetviewpixels-pa.googleapis.com/v1/thumbnail?panoid=IAsAk6LXQnzBCGOpr2oPIQ&cb_client=search.gws-prod.gps&w=80&h=92&yaw=299.94415&pitch=0&thumbfov=100,"https://www.google.com/maps/place/Ayam+haliwu,+Pedurungan/data=!4m7!3m6!1s0x2e708d9380d8995f:0xbf8d8c9e8d8389e5!8m2!3d-6.9980712!4d110.4689918!16s%2Fg%2F11rtzffk7t!19sChIJX5nYgJONcC4R5YmDjZ6Mjb8?authuser=0&hl=id&rclk=1",,,Ayam Penyet,"Jl. Pedurungan Baru III No.106, RT.03/RW.16", ⋅ Buka Kam pukul 10.00
"""PONDOK PONTIANAK""",https://lh5.googleusercontent.com/p/AF1QipO8HcIRE3wWzbDLyFY4jOVHKFSX5mvSpwNrkZQo=w80-h106-k-no,https://www.google.com/maps/place/%22PONDOK+PONTIANAK%22/data=!4m7!3m6!1s0x2e708d031cb7c53d:0x75b3c4b0bc1c1523!8m2!3d-7.0052348!4d110.4770945!16s%2Fg%2F11g8swm9sv!19sChIJPcW3HAONcC4RIxUcvLDEs3U?authuser=0&hl=id&rclk=1,"4,4",(218),Restoran,Jl. Pedurungan Lor No.Ruko, ⋅ Buka Kam pukul 11.00
Warung Makan Bu Sudarmi,https://lh5.googleusercontent.com/p/AF1QipOMSqabwLJOGPiWwVw8fkktyFKwd_ccazmiBQ-4=w80-h142-k-no,https://www.google.com/maps/place/Warung+Makan+Bu+Sudarmi/data=!4m7!3m6!1s0x2e708d1e97af1721:0xb61445e10961e10e!8m2!3d-6.997617!4d110.4781857!16s%2Fg%2F11g9vy7b51!19sChIJIRevlx6NcC4RDuFhCeFFFLY?authuser=0&hl=id&rclk=1,"5,0",(2),Jawa,Jl. Taman Tlogomulyo No.15, ⋅ Buka Kam pukul 07.00
Warung Makan Bu Tini,https://lh5.googleusercontent.com/p/AF1QipOs83g4F9wrLzQXaZ84L17pN7N9pHm_xZL_1VVu=w163-h92-k-no,https://www.google.com/maps/place/Warung+Makan+Bu+Tini/data=!4m7!3m6!1s0x2e708c5511bb6e5d:0xd2e9d69dec71bd76!8m2!3d-7.0157312!4d110.4716969!16s%2Fg%2F11cly77bsm!19sChIJXW67EVWMcC4Rdr1x7J3W6dI?authuser=0&hl=id&rclk=1,"4,7",(94),Jawa,"Jl. Pedurungan Kidul Gg. VII No.mor 2, RT.001/RW.003", ⋅ Buka Kam pukul 10.00
Warung Penyetan 831 Bu Lani,https://lh5.googleusercontent.com/p/AF1QipPY8NpmbfKxGLzUgKZOyaIzq-GrshqLdFEFKZ4o=w92-h92-k-no,https://www.google.com/maps/place/Warung+Penyetan+831+Bu+Lani/data=!4m7!3m6!1s0x2e708daa4f09b0c9:0x9e28695962812291!8m2!3d-6.9919201!4d110.4625159!16s%2Fg%2F11h591ztym!19sChIJybAJT6qNcC4RkSKBYllpKJ4?authuser=0&hl=id&rclk=1,"4,7",(10),Ayam Penyet,"Jalan Argo Mukti, Perum Jl. Graha Mukti No.831", ⋅ Buka Kam pukul 10.00
Warung Makan Annur,https://streetviewpixels-pa.googleapis.com/v1/thumbnail?panoid=U85-I0KbqF-IwR-aDdilLA&cb_client=search.gws-prod.gps&w=80&h=92&yaw=263.1266&pitch=0&thumbfov=100,https://www.google.com/maps/place/Warung+Makan+Annur/data=!4m7!3m6!1s0x2e708d0302ccebf9:0x3f8400958615b43b!8m2!3d-7.005302!4d110.476979!16s%2Fg%2F11gbkvvdqm!19sChIJ-evMAgONcC4RO7QVhpUAhD8?authuser=0&hl=id&rclk=1,,,Jawa,"XFVG+VQH, Jl. Pedurungan Lor", ⋅ Buka Kam pukul 09.00
"Spesial Nasi Pecel & Gudangan 25 ""Bu Warni""",https://lh5.googleusercontent.com/p/AF1QipNJWQhSfI9vo0cdnnCnKVSgLhUSRRpeTFt0OGeS=w80-h177-k-no,https://www.google.com/maps/place/Spesial+Nasi+Pecel+%26+Gudangan+25+%22Bu+Warni%22/data=!4m7!3m6!1s0x2e708cff945b8b3d:0x9e2f2d95ca96890e!8m2!3d-7.0126621!4d110.472131!16s%2Fg%2F11bwflzjp7!19sChIJPYtblP-McC4RDomWypUtL54?authuser=0&hl=id&rclk=1,"4,6",(112),Rumah Makan,"Jalan Fatmawati No.12, Pedurungan Kidul, Pedurungan", ⋅ Buka Kam pukul 08.00
Bakso & Nasi Goreng Hosana Pak Benyamin,https://lh5.googleusercontent.com/p/AF1QipP3uaLkPLDjZBPNTeqMHzUH4v5PDbnlYhgqF_6d=w163-h92-k-no,https://www.google.com/maps/place/Bakso+%26+Nasi+Goreng+Hosana+Pak+Benyamin/data=!4m7!3m6!1s0x2e708c54abbd47bb:0xf509d21a0fce612c!8m2!3d-7.0186788!4d110.4738808!16s%2Fg%2F11bwylmb3y!19sChIJu0e9q1SMcC4RLGHODxrSCfU?authuser=0&hl=id&rclk=1,"4,7",(122),Bakso,Jl. Sapta Prasetya IV No.14, ⋅ Buka Kam pukul 16.30
"WARUNG MAKAN ""MBAK AMBAR""",https://streetviewpixels-pa.googleapis.com/v1/thumbnail?panoid=-tL9xHBOebSgHahhyNMJgQ&cb_client=search.gws-prod.gps&w=80&h=92&yaw=17.023548&pitch=0&thumbfov=100,https://www.google.com/maps/place/WARUNG+MAKAN+%22MBAK+AMBAR%22/data=!4m7!3m6!1s0x2e708c54eae2023b:0x5f43123c0c9e5a38!8m2!3d-7.017478!4d110.472202!16s%2Fg%2F11dyzd49_3!19sChIJOwLi6lSMcC4ROFqeDDwSQ18?authuser=0&hl=id&rclk=1,"5,0",(1),Jawa,"Jalan Fatmawati Kios Pasar Pedurungan lt2, Kel. Pedurungan Kidul, Kec. Pedurungan", ⋅ Buka Kam pukul 05.00
Warung Makan Sederhana,https://lh5.googleusercontent.com/p/AF1QipOrOAhxP38VraIOseN3FEBzyat13V7juRu8okTI=w153-h92-k-no,https://www.google.com/maps/place/Warung+Makan+Sederhana/data=!4m7!3m6!1s0x2e708cf0ffa8dcdb:0x808988624800c740!8m2!3d-7.0074618!4d110.459315!16s%2Fg%2F11bc7qvfp9!19sChIJ29yo__CMcC4RQMcASGKIiYA?authuser=0&hl=id&rclk=1,"4,5",(71),Jawa,"Jalan Majapahit No. 31, Kelurahan Gemah, Kecamatan Pedurungan", ⋅ Buka Kam pukul 08.00
Soto Boyolali & Aneka Masakan,https://streetviewpixels-pa.googleapis.com/v1/thumbnail?panoid=7yFFOwuHoeQgpbXTEzsGNw&cb_client=search.gws-prod.gps&w=80&h=92&yaw=56.84504&pitch=0&thumbfov=100,https://www.google.com/maps/place/Soto+Boyolali+%26+Aneka+Masakan/data=!4m7!3m6!1s0x2e708ce2bee46447:0x436a9a977bd6c185!8m2!3d-7.002529!4d110.4726!16s%2Fg%2F11g88hh8cx!19sChIJR2TkvuKMcC4RhcHWe5eaakM?authuser=0&hl=id&rclk=1,,,Soto Ayam,"Pujasera Mini, Jl. Ganesha Mukti No.Kelurahan", ⋅ Buka Kam pukul 05.30
Warung Makan Barokah,https://lh5.googleusercontent.com/p/AF1QipMVLQyaJrWmDMfJBvpimq5hoWzUcv4gXPzQYdzs=w80-h106-k-no,https://www.google.com/maps/place/Warung+Makan+Barokah/data=!4m7!3m6!1s0x2e708cfe9ebfbb85:0x843e1e6fca35464b!8m2!3d-7.0086372!4d110.469827!16s%2Fg%2F11g9hhyxs0!19sChIJhbu_nv6McC4RS0Y1ym8ePoQ?authuser=0&hl=id&rclk=1,"5,0",(3),Jawa,Jalan Pedurungan Tengah 6 Rt 07 Rw 01, ⋅ Buka Kam pukul 08.00
Warung Makan Mbak Anik,https://streetviewpixels-pa.googleapis.com/v1/thumbnail?panoid=gaO6XlGQzsYVPFjp5vy-oQ&cb_client=search.gws-prod.gps&w=80&h=92&yaw=218.57861&pitch=0&thumbfov=100,https://www.google.com/maps/place/Warung+Makan+Mbak+Anik/data=!4m7!3m6!1s0x2e708ce2228161d9:0xd39c8546196c975f!8m2!3d-6.9988362!4d110.4723975!16s%2Fg%2F11d_d4b9p1!19sChIJ2WGBIuKMcC4RX5dsGUaFnNM?authuser=0&hl=id&rclk=1,"4,5",(44),Jawa,Jl. Wolter Monginsidi No.79, ⋅ Buka Kam pukul 10.00
Warung Makan Warcap,https://lh5.googleusercontent.com/p/AF1QipPaYLsTa1llcl2Q54ZrQ_-zJGPcjissQCg8dgjL=w153-h92-k-no,https://www.google.com/maps/place/Warung+Makan+Warcap/data=!4m7!3m6!1s0x2e708ce2b8cad81b:0xd3660935ca70c6a8!8m2!3d-7.0027091!4d110.4724613!16s%2Fg%2F11f3305y4v!19sChIJG9jKuOKMcC4RqMZwyjUJZtM?authuser=0&hl=id&rclk=1,"3,0",(1),Jawa,Jl. Ganesha Mukti No.297, ⋅ Buka Kam pukul 05.30
Warung Makan Mak Yah,https://lh5.googleusercontent.com/p/AF1QipO1eXSnZl7Y_1Zr639uURJVNsYkWSBjGqN-C_vC=w122-h92-k-no,https://www.google.com/maps/place/Warung+Makan+Mak+Yah/data=!4m7!3m6!1s0x2e708d000051c43f:0xca0380607cd65ad5!8m2!3d-7.0136667!4d110.4740504!16s%2Fg%2F11f14682n7!19sChIJP8RRAACNcC4R1VrWfGCAA8o?authuser=0&hl=id&rclk=1,"4,7",(11),Jawa,"Jl. Pedurungan Kidul II No.137, RT.04/RW.01", ⋅ Buka Kam pukul 05.30
Langgeng Sari,https://lh5.googleusercontent.com/p/AF1QipN3pfhexfaH0WJ41uCzctvrltacJeWqur53xQU-=w80-h106-k-no,https://www.google.com/maps/place/Langgeng+Sari/data=!4m7!3m6!1s0x2e708d7b051d6037:0x8cada505f0208f0!8m2!3d-7.0068365!4d110.4780754!16s%2Fg%2F11fnpz6bzp!19sChIJN2AdBXuNcC4R8AgCX1Daygg?authuser=0&hl=id&rclk=1,"5,0",(3),Brunch,Jl. Purwomukti Barat V, ⋅ Buka Kam pukul 10.00
Soto Ayam Suroboyo Cak Pin,https://lh5.googleusercontent.com/p/AF1QipOTNvvH4PDJs5wFUWZHChQ_8Wdhk5Y3LyJ-FLiZ=w163-h92-k-no,https://www.google.com/maps/place/Soto+Ayam+Suroboyo+Cak+Pin/data=!4m7!3m6!1s0x2e708ce2140eceb3:0x645ce72282a4ab90!8m2!3d-6.9997447!4d110.4727333!16s%2Fg%2F11g9dhv91x!19sChIJs84OFOKMcC4RkKukgiLnXGQ?authuser=0&hl=id&rclk=1,"4,6",(181),Soto Ayam,"Jl. Wolter Monginsidi, RT.01/RW.05", ⋅ Buka Kam pukul 06.00
Warung Makan Gado-Gado Bu Parno,https://lh5.googleusercontent.com/p/AF1QipP6k9gObeF9EcKsBrxNa3ySWi-faEuoBoK-KEk=w163-h92-k-no,https://www.google.com/maps/place/Warung+Makan+Gado-Gado+Bu+Parno/data=!4m7!3m6!1s0x2e708ce2b8bfd8df:0xcb753f6e34889b88!8m2!3d-7.003629!4d110.473271!16s%2Fg%2F1tqd34z_!19sChIJ39i_uOKMcC4RiJuING4_dcs?authuser=0&hl=id&rclk=1,"4,4",(88),Jawa,Jl Ganesha Sel. I No.56, ⋅ Buka Kam pukul 11.00
Warung Lesehan,https://streetviewpixels-pa.googleapis.com/v1/thumbnail?panoid=SGBKeU26j-qACi8-xDJ25g&cb_client=search.gws-prod.gps&w=80&h=92&yaw=60.699776&pitch=0&thumbfov=100,https://www.google.com/maps/place/Warung+Lesehan/data=!4m7!3m6!1s0x2e708cc5cb05d3c7:0x31cf72a393b5483a!8m2!3d-6.9863601!4d110.4572472!16s%2Fg%2F11fy4yklp4!19sChIJx9MFy8WMcC4ROki1k6NyzzE?authuser=0&hl=id&rclk=1,"4,5",(16),Jawa,"Jl Parang Kesit VIII No.2, Kel. Tlogosari kulon, Kec. Pedurungan", ⋅ Buka Kam pukul 15.00
Pondok Makan Sederhana,https://lh5.googleusercontent.com/p/AF1QipNxSR-DVF_lLnHVOYsFzgpBiYxLB9WRlktYWFjy=w122-h92-k-no,https://www.google.com/maps/place/Pondok+Makan+Sederhana/data=!4m7!3m6!1s0x2e708cf2c31da093:0x39d84d953c4d977f!8m2!3d-7.004475!4d110.4517482!16s%2Fg%2F1pzw1fj3y!19sChIJk6Adw_KMcC4Rf5dNPJVN2Dk?authuser=0&hl=id&rclk=1,"4,5",(1.414),Jawa,Jl. Gayamsari IV No.201B, ⋅ Buka Kam pukul 07.00
KERANG SEDEP,https://lh5.googleusercontent.com/p/AF1QipMAReZWjCNRG9mbmlWMVTBRHka72qgqhRHetvD8=w163-h92-k-no,https://www.google.com/maps/place/KERANG+SEDEP/data=!4m7!3m6!1s0x2e708d11f6806f77:0xdec2fa8096e4b4fe!8m2!3d-7.0071102!4d110.4719178!16s%2Fg%2F11fhnghqyz!19sChIJd2-A9hGNcC4R_rTkloD6wt4?authuser=0&hl=id&rclk=1,"4,5",(297),Hidangan Laut,"Jl. Soekarno Hatta Kelurahan No.67, RT.01/RW.02", ⋅ Buka Kam pukul 10.00
Angkringan Teraz,https://streetviewpixels-pa.googleapis.com/v1/thumbnail?panoid=gzWPNfXN-2z_r0ijwswjsw&cb_client=search.gws-prod.gps&w=80&h=92&yaw=139.46408&pitch=0&thumbfov=100,https://www.google.com/maps/place/Angkringan+Teraz/data=!4m7!3m6!1s0x2e708cfca9d6e3a5:0x3083883df769f3f2!8m2!3d-7.0042387!4d110.4687863!16s%2Fg%2F11dyx4rpjy!19sChIJpePWqfyMcC4R8vNp9z2IgzA?authuser=0&hl=id&rclk=1,"4,0",(3),Rumah Makan,Jl. Palebon Raya No.190, ⋅ Buka Kam pukul 15.00
Warung makan Ilham,https://lh5.googleusercontent.com/p/AF1QipPy1ea9hrtP3bV38MV_idXj1JPc5ZfQjCliI9TH=w122-h92-k-no,https://www.google.com/maps/place/Warung+makan+Ilham/data=!4m7!3m6!1s0x2e708da9f1d1b899:0xe6bd01672f904588!8m2!3d-7.0144128!4d110.4809266!16s%2Fg%2F11gbp245m9!19sChIJmbjR8amNcC4RiEWQL2cBveY?authuser=0&hl=id&rclk=1,"4,1",(8),Rumah Makan,Jalan Brigjen Sudiarto Nomer 617, ⋅ Buka Kam pukul 09.00
Nasi Goreng Brewok,https://lh5.googleusercontent.com/p/AF1QipN5ASIdIpQF4E58rXBWtcsPfqO4Sd1hZFjG7OTb=w80-h106-k-no,https://www.google.com/maps/place/Nasi+Goreng+Brewok/data=!4m7!3m6!1s0x2e708d5d3527eb7f:0x4c1450268b80c31d!8m2!3d-7.0051222!4d110.4719715!16s%2Fg%2F11jgy2lvsz!19sChIJf-snNV2NcC4RHcOAiyZQFEw?authuser=0&hl=id&rclk=1,"4,7",(19),Nasi Goreng,Jl. Pedurungan Tengah V No.37,
Warung Makan Bu Parti,https://streetviewpixels-pa.googleapis.com/v1/thumbnail?panoid=Mtogc3lVsQ3HTree61PgWQ&cb_client=search.gws-prod.gps&w=80&h=92&yaw=164.59052&pitch=0&thumbfov=100,https://www.google.com/maps/place/Warung+Makan+Bu+Parti/data=!4m7!3m6!1s0x2e708ce2e5ad5fdf:0xce82e6a36d259193!8m2!3d-7.0027407!4d110.4725728!16s%2Fg%2F11h5rpjprb!19sChIJ31-t5eKMcC4Rk5ElbaPmgs4?authuser=0&hl=id&rclk=1,,,Jawa,"XFWF+W24, Jl. Wolter Monginsidi", ⋅ Buka Kam pukul 08.00
Ikan Laut&Seafood Bakar 'Banua' Pedurungan,https://streetviewpixels-pa.googleapis.com/v1/thumbnail?panoid=9YGw6SfAR1IZ2fhEwFRMaw&cb_client=search.gws-prod.gps&w=80&h=92&yaw=185.18289&pitch=0&thumbfov=100,https://www.google.com/maps/place/Ikan+Laut%26Seafood+Bakar+%27Banua%27+Pedurungan/data=!4m7!3m6!1s0x2e708d0a696b5e61:0x963785d44a4a94eb!8m2!3d-7.0161377!4d110.4848741!16s%2Fg%2F11k3vkjnl9!19sChIJYV5raQqNcC4R65RKStSFN5Y?authuser=0&hl=id&rclk=1,,,Hidangan Laut,"XFMM+GWX, Jl. Brigjen Sudiarto", ⋅ Buka Kam pukul 10.00
Warung Nasi Bungkus Pedurungan,https://streetviewpixels-pa.googleapis.com/v1/thumbnail?panoid=vY3Qh_2eXw3pnPqnSfe1vQ&cb_client=search.gws-prod.gps&w=80&h=92&yaw=126.065735&pitch=0&thumbfov=100,https://www.google.com/maps/place/Warung+Nasi+Bungkus+Pedurungan/data=!4m7!3m6!1s0x2e708d01bdeed12f:0xff63e37ed91cdbc3!8m2!3d-7.0080296!4d110.4762836!16s%2Fg%2F11f1045ymz!19sChIJL9HuvQGNcC4Rw9sc2X7jY_8?authuser=0&hl=id&rclk=1,"3,0",(1),Nasi,Jalan Pedurungan Tengah 12, ⋅ Buka Kam pukul 11.00
Warung Makan Bu Mia,https://lh5.googleusercontent.com/p/AF1QipM26kgLsNPLY7mcrvIMulyyU40FEoYiMIqr7BdE=w80-h142-k-no,https://www.google.com/maps/place/Warung+Makan+Bu+Mia/data=!4m7!3m6!1s0x2e708c54bc4d9945:0x492c15054cd40e06!8m2!3d-7.01804!4d110.4725595!16s%2Fg%2F11g8p8q8tb!19sChIJRZlNvFSMcC4RBg7UTAUVLEk?authuser=0&hl=id&rclk=1,"4,8",(6),Jawa,"XFJF+Q2M, Tanggul Asri, Pedurungan, Semarang", ⋅ Buka Kam pukul 05.00
Warung Makan Hanip,https://streetviewpixels-pa.googleapis.com/v1/thumbnail?panoid=qQKYZxTdZ3Dwb_IROSFslg&cb_client=search.gws-prod.gps&w=80&h=92&yaw=327.25882&pitch=0&thumbfov=100,https://www.google.com/maps/place/Warung+Makan+Hanip/data=!4m7!3m6!1s0x2e708c55bf5dfe77:0x63b65ccf14c73930!8m2!3d-7.014686!4d110.4698646!16s%2Fg%2F11f0wmt71v!19sChIJd_5dv1WMcC4RMDnHFM9ctmM?authuser=0&hl=id&rclk=1,"4,3",(8),Jawa,"Jalan Karanglo Raya Nomor 26 RT.003 RW.004, Gemah, Pedurungan", ⋅ Buka Kam pukul 06.30
Gudeg Jogja Pak Leman,https://lh5.googleusercontent.com/p/AF1QipOgvEn9X7aRE12tDuU46QPwEfAeS1lb2a8Xf_SL=w80-h106-k-no,https://www.google.com/maps/place/Gudeg+Jogja+Pak+Leman/data=!4m7!3m6!1s0x2e708c5561ee652f:0xcf0f2c0ceba76d6d!8m2!3d-7.0138822!4d110.4721591!16s%2Fg%2F1hm3qfchg!19sChIJL2XuYVWMcC4RbW2n6wwsD88?authuser=0&hl=id&rclk=1,"4,4",(116),Jawa,Jl. Fatmawati No.48, ⋅ Buka Kam pukul 08.00
Rumah Makan Mande,https://lh5.googleusercontent.com/p/AF1QipPDbQDmHNc8IhbSUXdLaf5xcyZn0vvVun9JS0x1=w204-h92-k-no,https://www.google.com/maps/place/Rumah+Makan+Mande/data=!4m7!3m6!1s0x2e70f2d9936497cb:0x597a88579cdaaacc!8m2!3d-7.0049346!4d110.4702387!16s%2Fg%2F11g875yp0d!19sChIJy5dkk9nycC4RzKranFeIelk?authuser=0&hl=id&rclk=1,"4,9",(25),Rumah Makan,"Rm Padang Mande jalan Wolter Monginsidi no 91 semarang, RT.1/RW9", ⋅ Buka Kam pukul 08.30
rumah makan pak yo,https://lh5.googleusercontent.com/p/AF1QipMr_0Gbpj-DX4gGM4UbyzcN4Ki3mBXtFPZam87z=w122-h92-k-no,https://www.google.com/maps/place/rumah+makan+pak+yo/data=!4m7!3m6!1s0x2e708d6e90c0a55f:0x948d880d4d035c7c!8m2!3d-6.9760789!4d110.458561!16s%2Fg%2F11fjtq4pmf!19sChIJX6XAkG6NcC4RfFwDTQ2IjZQ?authuser=0&hl=id&rclk=1,"4,9",(8),Rumah Makan,Jl. Sidoluhur XIV No.02, ⋅ Buka Jum pukul 16.45
Depot Makan Pak Djan,https://lh5.googleusercontent.com/p/AF1QipN1HHSIX6yAwa1541BMUNjSRTcyZmPcp8IU8A2P=w80-h106-k-no,https://www.google.com/maps/place/Depot+Makan+Pak+Djan/data=!4m7!3m6!1s0x2e708ce3503c246d:0x51a01f920fa870f4!8m2!3d-7.0032059!4d110.4686294!16s%2Fg%2F11bzrgvc19!19sChIJbSQ8UOOMcC4R9HCoD5IfoFE?authuser=0&hl=id&rclk=1,"4,8",(72),Rumah Makan,"XFW9+PF6, Jl. Soekarno Hatta", ⋅ Buka Kam pukul 10.30
Seblak Om Ndut Cabang Tlogosari - Pedurungan,https://lh5.googleusercontent.com/p/AF1QipPnOcv7Ub9zgX8ZiRQ9jHhrSWIXJxX7rU-QzlZa=w92-h92-k-no,https://www.google.com/maps/place/Seblak+Om+Ndut+Cabang+Tlogosari+-+Pedurungan/data=!4m7!3m6!1s0x2e708d56f6f0597f:0x110dd82c68ef1eff!8m2!3d-6.9915857!4d110.4771103!16s%2Fg%2F11hfjb961y!19sChIJf1nw9laNcC4R_x7vaCzYDRE?authuser=0&hl=id&rclk=1,"5,0",(2),Seblak,"Jl. Selomulyo Mukti Timur No.534, RT.03", ⋅ Buka Kam pukul 10.00
RODJO - MAJAPAHIT,https://lh5.googleusercontent.com/p/AF1QipPposPukyCPRflpMhT_YC7PhGm6QtNBrW0GW6ly=w122-h92-k-no,https://www.google.com/maps/place/RODJO+-+MAJAPAHIT/data=!4m7!3m6!1s0x2e708d3d8f0d1afb:0x72f07eb6411292b9!8m2!3d-7.0120868!4d110.47637!16s%2Fg%2F11hhpw7m96!19sChIJ-xoNjz2NcC4RuZISQbZ-8HI?authuser=0&hl=id&rclk=1,"4,5",(952),Indonesia,Jl. Majapahit No.478, ⋅ Buka Kam pukul 10.00
Pondok Makan Laras,https://lh5.googleusercontent.com/p/AF1QipMtm516n6XLsJZITrpcrttogsEkFaP5bnC-8JJA=w163-h92-k-no,https://www.google.com/maps/place/Pondok+Makan+Laras/data=!4m7!3m6!1s0x2e708cc58260f34d:0x62a5541144ba550c!8m2!3d-6.9843555!4d110.4588926!16s%2Fg%2F11c2np0hs1!19sChIJTfNggsWMcC4RDFW6RBFUpWI?authuser=0&hl=id&rclk=1,"4,7",(11),Restoran,Jl. Parang Kesit Raya No.19, ⋅ Buka Kam pukul 08.00
Warung Nasi Pedurungan Kidul,https://streetviewpixels-pa.googleapis.com/v1/thumbnail?panoid=_zm3u1RhUEFw1uggr-WWtw&cb_client=search.gws-prod.gps&w=80&h=92&yaw=356.14838&pitch=0&thumbfov=100,https://www.google.com/maps/place/Warung+Nasi+Pedurungan+Kidul/data=!4m7!3m6!1s0x2e708cffde50634b:0xf93d2a47a2e58f8b!8m2!3d-7.0123852!4d110.4733113!16s%2Fg%2F11g9j582j_!19sChIJS2NQ3v-McC4Ri4_lokcqPfk?authuser=0&hl=id&rclk=1,"5,0",(2),Nasi,XFQF+28V, ⋅ Buka Kam pukul 10.00
Kedai Makan Annisa,https://streetviewpixels-pa.googleapis.com/v1/thumbnail?panoid=mPtXLeHEKr7XgurkHpdOYA&cb_client=search.gws-prod.gps&w=80&h=92&yaw=70.06211&pitch=0&thumbfov=100,https://www.google.com/maps/place/Kedai+Makan+Annisa/data=!4m7!3m6!1s0x2e708d064d1a1fc1:0x53b211adcb565e4c!8m2!3d-7.0107497!4d110.4836997!16s%2Fg%2F11g9m8_gnb!19sChIJwR8aTQaNcC4RTF5Wy60RslM?authuser=0&hl=id&rclk=1,"4,8",(5),Rumah Makan,"XFQM+PF4, Jl. Ketapang Raya", ⋅ Buka Kam pukul 08.00
Rumah Makan Pak Heru,https://lh5.googleusercontent.com/p/AF1QipPg4ZOFiEskULJ_s1737VHNNqHD_Ru99YNliBZC=w122-h92-k-no,https://www.google.com/maps/place/Rumah+Makan+Pak+Heru/data=!4m7!3m6!1s0x2e708cc997573ca5:0x2ccd66f1ce711f9f!8m2!3d-6.980271!4d110.4524283!16s%2Fg%2F11g8xjnglt!19sChIJpTxXl8mMcC4Rnx9xzvFmzSw?authuser=0&hl=id&rclk=1,"4,3",(9),Hidangan Laut,"2F92+VXV Depan kampus USM, Jl. Soekarno Hatta", ⋅ Buka Kam pukul 11.00
WM Bu munawaroh,https://lh5.googleusercontent.com/p/AF1QipNgOAct1EPlc7ZrJJinEn3f3qbTZtLLS-E2MPrQ=w80-h141-k-no,https://www.google.com/maps/place/WM+Bu+munawaroh/data=!4m7!3m6!1s0x2e708c54eb9de6e3:0x9af80e5f3617893d!8m2!3d-7.01742!4d110.472082!16s%2Fg%2F11fylm1m4c!19sChIJ4-ad61SMcC4RPYkXNl8O-Jo?authuser=0&hl=id&rclk=1,,,Jawa,"XFMC+2RP, Pasar pedurungan, Jalan Fatmawati, Pedurungan kidul", ⋅ Buka Kam pukul 06.00
Penyetan Mantul Bu Rin,https://lh5.googleusercontent.com/p/AF1QipOICNJeTNOOEXN8DJJMtk2ryTQpEQeVGvZXLvVt=w93-h92-k-no,https://www.google.com/maps/place/Penyetan+Mantul+Bu+Rin/data=!4m7!3m6!1s0x2e708d0b8fdd8cd9:0xebaf750dbe1b80bc!8m2!3d-7.0138113!4d110.4703056!16s%2Fg%2F11h2pfp0dp!19sChIJ2YzdjwuNcC4RvIAbvg11r-s?authuser=0&hl=id&rclk=1,"5,0",(16),Brunch,"Jl. Pedurungan Kidul III, RT.3/RW.1", ⋅ Buka Kam pukul 06.00
Warung Makan Mbak Tata,https://streetviewpixels-pa.googleapis.com/v1/thumbnail?panoid=F9Gyzyp9qizgZciMHUDaew&cb_client=search.gws-prod.gps&w=80&h=92&yaw=15.998072&pitch=0&thumbfov=100,https://www.google.com/maps/place/Warung+Makan+Mbak+Tata/data=!4m7!3m6!1s0x2e708cfda387d277:0x5c4a345663c13e77!8m2!3d-7.00734!4d110.4722183!16s%2Fg%2F11f0128p95!19sChIJd9KHo_2McC4Rdz7BY1Y0Slw?authuser=0&hl=id&rclk=1,,,Jawa,Jl. Soekarno Hatta No.61, ⋅ Buka Kam pukul 09.00
Mie Ayam 45,https://streetviewpixels-pa.googleapis.com/v1/thumbnail?panoid=VG-e7dDuqvuce38WUnJKlQ&cb_client=search.gws-prod.gps&w=80&h=92&yaw=239.89685&pitch=0&thumbfov=100,https://www.google.com/maps/place/Mie+Ayam+45/data=!4m7!3m6!1s0x2e708d1ae346bf71:0x6947976754506f6f!8m2!3d-7.0012147!4d110.4831024!16s%2Fg%2F11bz_4ljtl!19sChIJcb9G4xqNcC4Rb29QVGeXR2k?authuser=0&hl=id&rclk=1,"4,0",(16),Mi,"XFXM+G69, Jalan Tlog Mulyo, Pedurungan Lor", ⋅ Buka Kam pukul 09.30
Barokah Warung Makan,https://lh5.googleusercontent.com/p/AF1QipOoOMu-VEWHYdjzz9bk-xYmkjY-s_GaufjPih6V=w80-h106-k-no,https://www.google.com/maps/place/Barokah+Warung+Makan/data=!4m7!3m6!1s0x2e708cc2115553f1:0x448ea61840a3ba43!8m2!3d-6.9928625!4d110.457384!16s%2Fg%2F1hc9kc8d3!19sChIJ8VNVEcKMcC4RQ7qjQBimjkQ?authuser=0&hl=id&rclk=1,"3,0",(3),Jawa,"JL Supriyadi No. 124, Pedurungan, Semarang, 50715",
"Tongseng & Gule Kambing ""Mak Nyuuusss""",https://streetviewpixels-pa.googleapis.com/v1/thumbnail?panoid=7jMec1k6UYCAbYYtRtsJtA&cb_client=search.gws-prod.gps&w=80&h=92&yaw=286.41086&pitch=0&thumbfov=100,https://www.google.com/maps/place/Tongseng+%26+Gule+Kambing+%22Mak+Nyuuusss%22/data=!4m7!3m6!1s0x2e708d02ab09ec99:0x4e66b9c73b63fd48!8m2!3d-7.003674!4d110.4741279!16s%2Fg%2F11gxxgqpth!19sChIJmewJqwKNcC4RSP1jO8e5Zk4?authuser=0&hl=id&rclk=1,,,Sate,XFWF+GMJ Mahesa Bar., ⋅ Buka Kam pukul 10.00
WARUNG Makan KANADA,https://lh5.googleusercontent.com/p/AF1QipNv-BOWUD2lGMF2H57cPyTfyB5NtUBtcO8gapXA=w122-h92-k-no,https://www.google.com/maps/place/WARUNG+Makan+KANADA/data=!4m7!3m6!1s0x2e708c55a6c5ae25:0x6e975fa229c6935!8m2!3d-7.0123073!4d110.4719027!16s%2Fg%2F11g873hbns!19sChIJJa7FplWMcC4RNWmcIvp16QY?authuser=0&hl=id&rclk=1,"5,0",(1),Jawa,"Jalan Pedurungan Kidul 1 No. 32, Kel. Gemah, Kec. Pedurungan", ⋅ Buka Kam pukul 05.30
Rumah makan Bu.ASIH,https://lh5.googleusercontent.com/p/AF1QipP0OLxk5zRqet3d775R0YOllFRQ5YuAo1sU4DE=w122-h92-k-no,https://www.google.com/maps/place/Rumah+makan+Bu.ASIH/data=!4m7!3m6!1s0x2e708d2bd10eba01:0xf6f6cc5c5b2f13db!8m2!3d-6.992106!4d110.472964!16s%2Fg%2F11hyl5m513!19sChIJAboO0SuNcC4R2xMvW1zM9vY?authuser=0&hl=id&rclk=1,"4,4",(88),Rumah Makan,"Jl. Wolter Monginsidi No.3g, RW.06", ⋅ Buka Kam pukul 08.00
Soto Ayam Pak Kusnadi,https://streetviewpixels-pa.googleapis.com/v1/thumbnail?panoid=_laYO3H73kFCzlbN62uv-Q&cb_client=search.gws-prod.gps&w=80&h=92&yaw=272.80835&pitch=0&thumbfov=100,https://www.google.com/maps/place/Soto+Ayam+Pak+Kusnadi/data=!4m7!3m6!1s0x2e708cfd72be0ddd:0xc2aaea52790e21e0!8m2!3d-7.005606!4d110.4724686!16s%2Fg%2F11d_9kfr_0!19sChIJ3Q2-cv2McC4R4CEOeVLqqsI?authuser=0&hl=id&rclk=1,"5,0",(2),Soto Ayam,Jalan Pedurungan Tengah Gang 12 nomor 8b, ⋅ Buka Kam pukul 08.00
Warung Makan BAROKAH,https://streetviewpixels-pa.googleapis.com/v1/thumbnail?panoid=uHw9W3TNeXm2r6kG44mlFA&cb_client=search.gws-prod.gps&w=80&h=92&yaw=225.66318&pitch=0&thumbfov=100,https://www.google.com/maps/place/Warung+Makan+BAROKAH/data=!4m7!3m6!1s0x2e708ce435d4d6df:0x5952e918f32bc3c9!8m2!3d-7.0002665!4d110.4655543!16s%2Fg%2F1hc22xbyb!19sChIJ39bUNeSMcC4RycMr8xjpUlk?authuser=0&hl=id&rclk=1,"4,5",(2),Jawa,Jl. Soekarno Hatta No.93, ⋅ Buka Kam pukul 08.00
Gudeg bu citra,https://lh5.googleusercontent.com/p/AF1QipP3pQRrctsdMF0J2Ax7Z5UHCkdf4Ra2iO7vEp1T=w122-h92-k-no,https://www.google.com/maps/place/Gudeg+bu+citra/data=!4m7!3m6!1s0x2e708d2cb20d2f81:0x683648bea2b65611!8m2!3d-7.0193365!4d110.4777562!16s%2Fg%2F11jfp_t4xh!19sChIJgS8NsiyNcC4REVa2or5INmg?authuser=0&hl=id&rclk=1,"4,1",(52),Rumah Makan,Jl. Liman Mukti Raya No.423, ⋅ Buka Kam pukul 05.30
"AYAM KREMES SAMBEL BLEDEG ""MBAH UTI""",https://lh5.googleusercontent.com/p/AF1QipNT9jeumBu_Z5mFYKmdvqmGM5hOvKjUGQo4xxeb=w163-h92-k-no,https://www.google.com/maps/place/AYAM+KREMES+SAMBEL+BLEDEG+%22MBAH+UTI%22/data=!4m7!3m6!1s0x2e708ce3ffffffc1:0x6942c856b6329f02!8m2!3d-7.0125404!4d110.4733658!16s%2Fg%2F11d_252362!19sChIJwf___-OMcC4RAp8ytlbIQmk?authuser=0&hl=id&rclk=1,"4,8",(20),Ayam,Jl. Pedurungan Kidul II No.6A, ⋅ Buka Kam pukul 10.00
nasi padang,https://streetviewpixels-pa.googleapis.com/v1/thumbnail?panoid=MsC7N9QL96qLjBTrA-53Ow&cb_client=search.gws-prod.gps&w=80&h=92&yaw=288.8433&pitch=0&thumbfov=100,https://www.google.com/maps/place/nasi+padang/data=!4m7!3m6!1s0x2e708d51d4e01f65:0x506e992a01b67d4c!8m2!3d-7.004713!4d110.470432!16s%2Fg%2F11ghq3xcj4!19sChIJZR_g1FGNcC4RTH22ASqZblA?authuser=0&hl=id&rclk=1,"4,6",(7),Padang,XFWC+457, ⋅ Buka Kam pukul 09.00
Soto Ayam Bu Darmini,https://lh5.googleusercontent.com/p/AF1QipNVukymdkBpytZyUCnUepYUJDy9_1xWRrup9qQU=w163-h92-k-no,https://www.google.com/maps/place/Soto+Ayam+Bu+Darmini/data=!4m7!3m6!1s0x2e708d01df114797:0xcc6ccf4f201e12f4!8m2!3d-7.0091297!4d110.4731876!16s%2Fg%2F11d_9k4qy2!19sChIJl0cR3wGNcC4R9BIeIE_PbMw?authuser=0&hl=id&rclk=1,"4,7",(11),Soto Ayam,Jl. Pedurungan Tengah IV No.15, ⋅ Buka Kam pukul 06.00
"Kedai A3 ""AAA""",https://lh5.googleusercontent.com/p/AF1QipPrj0DM3lQb1IE04rdKulU3mTAFjXOk5806ab9Z=w80-h106-k-no,https://www.google.com/maps/place/Kedai+A3+%22AAA%22/data=!4m7!3m6!1s0x2e708d11f1949c59:0xe2d747b04c98d319!8m2!3d-7.0183762!4d110.4742643!16s%2Fg%2F11my0rp_87!19sChIJWZyU8RGNcC4RGdOYTLBH1-I?authuser=0&hl=id&rclk=1,,,Brunch,Jl. Zebra Mukti No.39, ⋅ Buka Kam pukul 06.00
